,Agent 1 Rewards,Agent 1 Rate,Agent 1 Test,Agent 2 Rewards,Agent 2 Rate,Agent 2 Test,Agent 3 Rewards,Agent 3 Rate,Agent 3 Test,Agent 4 Rewards,Agent 4 Rate,Agent 4 Test,Agent 5 Rewards,Agent 5 Rate,Agent 5 Test,Agent 6 Rewards,Agent 6 Rate,Agent 6 Test,Agent 7 Rewards,Agent 7 Rate,Agent 7 Test,Agent 8 Rewards,Agent 8 Rate,Agent 8 Test,Agent 9 Rewards,Agent 9 Rate,Agent 9 Test,Agent 10 Rewards,Agent 10 Rate,Agent 10 Test,Agent 11 Rewards,Agent 11 Rate,Agent 11 Test,Agent 12 Rewards,Agent 12 Rate,Agent 12 Test
0,-17.042039999999993,0.14,-16.137754000000257,-14.843419999999997,0.22,-15.81356000000023,-15.28152,0.18,-15.253756000000264,-16.641599999999997,0.14,-16.205478000000216,-16.08236,0.16,-16.777586000000223,-15.043279999999992,0.18,-15.677478000000221,-17.28538,0.12,-16.846936000003012,-14.082339999999999,0.24,-15.20978000000023,-16.041199999999996,0.16,-16.04961600000022,-14.24156,0.24,-15.70952400000022,-14.081760000000001,0.22,-15.837654000000239,-16.96332,0.12,-15.753712000000245
1,-14.481859999999994,0.2,-16.137754000000257,-14.241639999999997,0.22,-15.81356000000023,-17.881819999999994,0.1,-15.253756000000264,-16.962,0.12,-16.205478000000216,-17.56102,0.1,-16.777586000000223,-14.961579999999996,0.18,-15.677478000000221,-16.361819999999998,0.14,-16.846936000003012,-15.162519999999995,0.2,-15.20978000000023,-15.281599999999996,0.18,-16.04961600000022,-17.8414,0.1,-15.70952400000022,-15.682299999999998,0.18,-15.837654000000239,-15.362219999999994,0.2,-15.753712000000245
2,-14.801759999999993,0.2,-16.137754000000257,-14.481240000000003,0.2,-15.81356000000023,-15.882399999999995,0.18,-15.253756000000264,-16.801419999999997,0.14,-16.205478000000216,-18.24152,0.08,-16.777586000000223,-16.641419999999997,0.14,-15.677478000000221,-13.96212,0.2,-16.846936000003012,-15.161999999999999,0.2,-15.20978000000023,-15.481579999999994,0.18,-16.04961600000022,-16.722239999999996,0.14,-15.70952400000022,-16.762,0.12,-15.837654000000239,-15.841479999999997,0.16,-15.753712000000245
3,-13.601559999999997,0.22,-16.137754000000257,-14.521740000000001,0.22,-15.81356000000023,-13.881799999999998,0.22,-15.253756000000264,-15.08164,0.2,-16.205478000000216,-17.001199999999997,0.12,-16.777586000000223,-16.761819999999997,0.12,-15.677478000000221,-16.321559999999998,0.16,-16.846936000003012,-16.641959999999997,0.14,-15.20978000000023,-14.44126,0.2,-16.04961600000022,-16.201800000000002,0.14,-15.70952400000022,-16.241239999999994,0.16,-15.837654000000239,-16.36136,0.16,-15.753712000000245
4,-16.681499999999993,0.16,-16.137754000000257,-15.641359999999997,0.18,-15.81356000000023,-15.321439999999997,0.18,-15.253756000000264,-18.121579999999998,0.08,-16.205478000000216,-17.362059999999996,0.12,-16.777586000000223,-15.481739999999997,0.16,-15.677478000000221,-16.72154,0.14,-16.846936000003012,-14.201619999999997,0.22,-15.20978000000023,-15.641719999999998,0.18,-16.04961600000022,-14.601159999999998,0.22,-15.70952400000022,-16.2419,0.14,-15.837654000000239,-18.28216,0.08,-15.753712000000245
5,-17.881979999999995,0.1,-16.137754000000257,-16.04148,0.16,-15.81356000000023,-15.081699999999996,0.18,-15.253756000000264,-17.642019999999995,0.1,-16.205478000000216,-18.081519999999998,0.1,-16.777586000000223,-16.601619999999997,0.12,-15.677478000000221,-13.001559999999998,0.28,-16.846936000003012,-17.521259999999998,0.1,-15.20978000000023,-15.841519999999997,0.16,-16.04961600000022,-18.560979999999997,0.06,-15.70952400000022,-16.84122,0.12,-15.837654000000239,-15.762039999999997,0.18,-15.753712000000245
6,-17.322119999999998,0.12,-16.137754000000257,-13.4416,0.24,-15.81356000000023,-15.121919999999998,0.2,-15.253756000000264,-18.761719999999997,0.06,-16.205478000000216,-15.841519999999992,0.18,-16.777586000000223,-16.2419,0.16,-15.677478000000221,-14.882079999999998,0.18,-16.846936000003012,-15.20116,0.18,-15.20978000000023,-17.241539999999997,0.1,-16.04961600000022,-18.16104,0.08,-15.70952400000022,-16.96172,0.12,-15.837654000000239,-17.52156,0.12,-15.753712000000245
7,-14.12192,0.22,-16.137754000000257,-14.841780000000002,0.2,-15.81356000000023,-16.44135999999999,0.14,-15.253756000000264,-16.6426,0.14,-16.205478000000216,-16.4019,0.16,-16.777586000000223,-17.52134,0.1,-15.677478000000221,-16.042059999999996,0.18,-16.846936000003012,-12.481380000000001,0.28,-15.20978000000023,-11.562079999999996,0.3,-16.04961600000022,-17.681319999999992,0.1,-15.70952400000022,-16.2823,0.16,-15.837654000000239,-14.681359999999994,0.2,-15.753712000000245
8,-17.801720000000003,0.1,-16.137754000000257,-15.521520000000002,0.16,-15.81356000000023,-13.401819999999997,0.24,-15.253756000000264,-15.841039999999998,0.16,-16.205478000000216,-17.001660000000005,0.14,-16.777586000000223,-13.12234,0.28,-15.677478000000221,-14.361459999999996,0.24,-16.846936000003012,-17.562999999999995,0.1,-15.20978000000023,-15.401739999999997,0.18,-16.04961600000022,-14.161139999999998,0.24,-15.70952400000022,-16.921799999999998,0.14,-15.837654000000239,-13.682239999999997,0.24,-15.753712000000245
9,-16.562099999999997,0.14,-16.137754000000257,-15.241499999999995,0.18,-15.81356000000023,-17.321299999999997,0.1,-15.253756000000264,-14.641179999999999,0.2,-16.205478000000216,-18.481099999999998,0.08,-16.777586000000223,-17.52124,0.1,-15.677478000000221,-17.321979999999996,0.12,-16.846936000003012,-16.881759999999996,0.12,-15.20978000000023,-17.36142,0.12,-16.04961600000022,-14.12168,0.22,-15.70952400000022,-15.681719999999999,0.16,-15.837654000000239,-13.361199999999998,0.24,-15.753712000000245
10,-18.40138,0.08,-16.137754000000257,-13.962119999999997,0.24,-15.81356000000023,-16.76182,0.14,-15.253756000000264,-16.321759999999998,0.18,-16.205478000000216,-14.321699999999995,0.22,-16.777586000000223,-13.80184,0.24,-15.677478000000221,-15.44214,0.18,-16.846936000003012,-15.161679999999997,0.18,-15.20978000000023,-16.36148,0.14,-16.04961600000022,-16.841579999999997,0.14,-15.70952400000022,-15.402799999999997,0.18,-15.837654000000239,-14.401279999999996,0.2,-15.753712000000245
11,-16.401279999999996,0.14,-16.137754000000257,-17.002059999999993,0.12,-15.81356000000023,-14.841439999999995,0.22,-15.253756000000264,-14.681699999999996,0.2,-16.205478000000216,-15.20126,0.18,-16.777586000000223,-12.96132,0.26,-15.677478000000221,-16.88122,0.14,-16.846936000003012,-17.241959999999995,0.12,-15.20978000000023,-16.0827,0.16,-16.04961600000022,-14.881459999999997,0.2,-15.70952400000022,-16.842419999999994,0.14,-15.837654000000239,-17.96194,0.08,-15.753712000000245
12,-14.881039999999999,0.2,-16.137754000000257,-18.0813,0.08,-15.81356000000023,-15.121699999999999,0.2,-15.253756000000264,-16.9611,0.12,-16.205478000000216,-14.521079999999998,0.2,-16.777586000000223,-17.041699999999995,0.1,-15.677478000000221,-16.16192,0.16,-16.846936000003012,-17.601199999999995,0.1,-15.20978000000023,-17.481919999999995,0.1,-16.04961600000022,-12.802439999999995,0.28,-15.70952400000022,-18.362019999999994,0.08,-15.837654000000239,-14.242320000000001,0.2,-15.753712000000245
13,-13.961459999999999,0.22,-16.137754000000257,-16.441300000000002,0.16,-15.81356000000023,-18.56128,0.08,-15.253756000000264,-18.5215,0.06,-16.205478000000216,-17.441460000000003,0.1,-16.777586000000223,-15.441499999999992,0.2,-15.677478000000221,-18.921579999999995,0.06,-16.846936000003012,-14.801239999999996,0.2,-15.20978000000023,-18.761919999999996,0.06,-16.04961600000022,-15.281779999999996,0.18,-15.70952400000022,-17.121079999999996,0.14,-15.837654000000239,-17.281599999999997,0.12,-15.753712000000245
14,-16.802079999999993,0.14,-16.137754000000257,-17.8822,0.1,-15.81356000000023,-15.961680000000001,0.16,-15.253756000000264,-16.0411,0.16,-16.205478000000216,-17.001359999999995,0.12,-16.777586000000223,-15.801519999999998,0.18,-15.677478000000221,-15.922119999999998,0.16,-16.846936000003012,-15.600639999999997,0.16,-15.20978000000023,-16.881539999999994,0.12,-16.04961600000022,-14.881359999999997,0.2,-15.70952400000022,-17.28212,0.12,-15.837654000000239,-16.76122,0.12,-15.753712000000245
15,-15.081959999999995,0.18,-16.137754000000257,-16.48176,0.14,-15.81356000000023,-18.960759999999997,0.06,-15.253756000000264,-16.36276,0.14,-16.205478000000216,-14.921520000000003,0.2,-16.777586000000223,-18.442019999999996,0.08,-15.677478000000221,-17.801679999999998,0.1,-16.846936000003012,-17.041819999999994,0.12,-15.20978000000023,-15.802239999999998,0.16,-16.04961600000022,-16.96208,0.14,-15.70952400000022,-16.8416,0.12,-15.837654000000239,-17.04122,0.12,-15.753712000000245
16,-14.762139999999997,0.22,-16.137754000000257,-17.36242,0.1,-15.81356000000023,-16.72186,0.14,-15.253756000000264,-14.681219999999998,0.2,-16.205478000000216,-16.921799999999998,0.14,-16.777586000000223,-18.04128,0.08,-15.677478000000221,-18.44178,0.08,-16.846936000003012,-16.161419999999996,0.14,-15.20978000000023,-14.00116,0.22,-16.04961600000022,-16.0016,0.18,-15.70952400000022,-15.962839999999995,0.16,-15.837654000000239,-14.802259999999997,0.2,-15.753712000000245
17,-17.76214,0.1,-16.137754000000257,-17.481379999999998,0.1,-15.81356000000023,-17.042319999999997,0.12,-15.253756000000264,-16.8419,0.14,-16.205478000000216,-10.36198,0.36,-16.777586000000223,-15.322699999999998,0.18,-15.677478000000221,-16.60232,0.14,-16.846936000003012,-16.362000000000002,0.14,-15.20978000000023,-16.20204,0.16,-16.04961600000022,-15.280739999999998,0.18,-15.70952400000022,-17.601519999999997,0.1,-15.837654000000239,-16.601659999999995,0.14,-15.753712000000245
18,-15.081939999999998,0.2,-16.137754000000257,-14.561739999999997,0.2,-15.81356000000023,-17.561739999999997,0.1,-15.253756000000264,-16.04112,0.16,-16.205478000000216,-15.761660000000004,0.18,-16.777586000000223,-18.001159999999995,0.08,-15.677478000000221,-15.042039999999997,0.2,-16.846936000003012,-16.52201999999999,0.14,-15.20978000000023,-15.801799999999998,0.18,-16.04961600000022,-16.0813,0.16,-15.70952400000022,-16.641779999999997,0.14,-15.837654000000239,-15.1614,0.18,-15.753712000000245
19,-18.402319999999996,0.08,-16.137754000000257,-16.401759999999996,0.14,-15.81356000000023,-17.121779999999998,0.12,-15.253756000000264,-15.402179999999996,0.16,-16.205478000000216,-16.441599999999998,0.16,-16.777586000000223,-16.721199999999996,0.12,-15.677478000000221,-17.20174,0.12,-16.846936000003012,-14.321759999999998,0.24,-15.20978000000023,-15.122539999999994,0.2,-16.04961600000022,-16.52158,0.14,-15.70952400000022,-18.64178,0.06,-15.837654000000239,-14.281399999999993,0.22,-15.753712000000245
20,-16.88156,0.12,-16.137754000000257,-16.881459999999993,0.14,-15.81356000000023,-16.281339999999997,0.14,-15.253756000000264,-17.401279999999996,0.1,-16.205478000000216,-16.00182,0.16,-16.777586000000223,-16.882319999999996,0.14,-15.677478000000221,-18.2016,0.08,-16.846936000003012,-16.641139999999996,0.14,-15.20978000000023,-15.242039999999996,0.18,-16.04961600000022,-13.881339999999998,0.24,-15.70952400000022,-17.040879999999998,0.12,-15.837654000000239,-17.081199999999995,0.12,-15.753712000000245
21,-14.801819999999998,0.22,-16.137754000000257,-14.881599999999997,0.18,-15.81356000000023,-14.121279999999999,0.24,-15.253756000000264,-15.681420000000001,0.16,-16.205478000000216,-14.721939999999993,0.22,-16.777586000000223,-15.441619999999999,0.2,-15.677478000000221,-12.881779999999997,0.28,-16.846936000003012,-15.121459999999997,0.2,-15.20978000000023,-14.60206,0.2,-16.04961600000022,-15.921579999999999,0.16,-15.70952400000022,-16.921639999999996,0.12,-15.837654000000239,-13.601939999999999,0.26,-15.753712000000245
22,-17.601719999999997,0.1,-16.137754000000257,-14.921119999999997,0.18,-15.81356000000023,-18.201779999999996,0.08,-15.253756000000264,-18.64192,0.06,-16.205478000000216,-17.08204,0.12,-16.777586000000223,-15.161559999999994,0.2,-15.677478000000221,-13.041459999999997,0.26,-16.846936000003012,-17.601619999999993,0.12,-15.20978000000023,-15.401900000000001,0.18,-16.04961600000022,-13.882060000000001,0.26,-15.70952400000022,-14.201299999999996,0.24,-15.837654000000239,-17.921599999999998,0.1,-15.753712000000245
23,-16.841839999999994,0.12,-16.137754000000257,-16.321219999999997,0.14,-15.81356000000023,-16.361439999999998,0.14,-15.253756000000264,-18.682139999999997,0.06,-16.205478000000216,-17.202579999999998,0.1,-16.777586000000223,-15.001699999999998,0.2,-15.677478000000221,-16.36132,0.14,-16.846936000003012,-15.321419999999998,0.18,-15.20978000000023,-12.001399999999999,0.28,-16.04961600000022,-16.761079999999996,0.14,-15.70952400000022,-16.84102,0.14,-15.837654000000239,-16.401759999999996,0.16,-15.753712000000245
24,-16.52136,0.14,-16.137754000000257,-15.601739999999998,0.16,-15.81356000000023,-16.521659999999997,0.14,-15.253756000000264,-17.361679999999996,0.1,-16.205478000000216,-17.44248,0.1,-16.777586000000223,-15.521599999999996,0.2,-15.677478000000221,-16.682239999999993,0.14,-16.846936000003012,-17.401259999999997,0.12,-15.20978000000023,-14.121279999999997,0.24,-16.04961600000022,-17.841899999999995,0.1,-15.70952400000022,-15.082180000000003,0.18,-15.837654000000239,-16.4417,0.14,-15.753712000000245
25,-16.961879999999997,0.12,-16.137754000000257,-15.001799999999998,0.2,-15.81356000000023,-17.841319999999993,0.1,-15.253756000000264,-16.12146,0.16,-16.205478000000216,-13.60184,0.22,-16.777586000000223,-15.92164,0.14,-15.677478000000221,-15.001239999999997,0.2,-16.846936000003012,-16.20158,0.16,-15.20978000000023,-15.241019999999997,0.2,-16.04961600000022,-15.161859999999997,0.18,-15.70952400000022,-12.002159999999998,0.28,-15.837654000000239,-18.002560000000003,0.1,-15.753712000000245
26,-15.962340000000001,0.16,-16.137754000000257,-17.601859999999995,0.1,-15.81356000000023,-17.3218,0.12,-15.253756000000264,-15.681699999999994,0.18,-16.205478000000216,-15.881580000000001,0.18,-16.777586000000223,-15.001479999999999,0.2,-15.677478000000221,-16.561679999999992,0.14,-16.846936000003012,-15.641419999999998,0.18,-15.20978000000023,-16.1224,0.14,-16.04961600000022,-13.882539999999999,0.24,-15.70952400000022,-15.201379999999997,0.18,-15.837654000000239,-11.122599999999998,0.32,-15.753712000000245
27,-17.921919999999993,0.1,-16.137754000000257,-16.16212,0.14,-15.81356000000023,-14.481860000000001,0.22,-15.253756000000264,-16.08126,0.16,-16.205478000000216,-16.44108,0.14,-16.777586000000223,-16.8415,0.12,-15.677478000000221,-16.40256,0.14,-16.846936000003012,-15.201519999999999,0.2,-15.20978000000023,-14.601699999999994,0.2,-16.04961600000022,-18.401419999999995,0.06,-15.70952400000022,-14.80166,0.22,-15.837654000000239,-15.401279999999996,0.18,-15.753712000000245
28,-17.12194,0.14,-16.137754000000257,-13.361459999999997,0.26,-15.81356000000023,-15.9615,0.18,-15.253756000000264,-16.9209,0.14,-16.205478000000216,-14.24138,0.22,-16.777586000000223,-16.481219999999997,0.12,-15.677478000000221,-17.881959999999996,0.1,-16.846936000003012,-17.721219999999995,0.1,-15.20978000000023,-14.522159999999996,0.22,-16.04961600000022,-15.64096,0.18,-15.70952400000022,-14.481559999999993,0.2,-15.837654000000239,-15.521019999999998,0.18,-15.753712000000245
29,-16.281840000000003,0.16,-16.137754000000257,-14.721719999999998,0.24,-15.81356000000023,-12.882219999999997,0.28,-15.253756000000264,-16.561959999999996,0.14,-16.205478000000216,-16.401479999999996,0.14,-16.777586000000223,-16.721919999999997,0.14,-15.677478000000221,-17.841679999999993,0.1,-16.846936000003012,-15.962039999999996,0.16,-15.20978000000023,-14.562039999999994,0.2,-16.04961600000022,-17.801420000000004,0.1,-15.70952400000022,-15.561580000000001,0.18,-15.837654000000239,-17.962139999999994,0.1,-15.753712000000245
30,-13.241320000000004,0.26,-16.137754000000257,-16.281439999999996,0.16,-15.81356000000023,-17.241819999999997,0.1,-15.253756000000264,-18.88214,0.06,-16.205478000000216,-13.041299999999996,0.28,-16.777586000000223,-17.521659999999997,0.12,-15.677478000000221,-16.641579999999998,0.14,-16.846936000003012,-15.561719999999998,0.16,-15.20978000000023,-15.122079999999993,0.2,-16.04961600000022,-15.84218,0.14,-15.70952400000022,-16.201139999999995,0.14,-15.837654000000239,-15.601960000000002,0.18,-15.753712000000245
31,-17.16132,0.12,-16.137754000000257,-16.92216,0.14,-15.81356000000023,-15.641319999999999,0.18,-15.253756000000264,-17.761879999999994,0.08,-16.205478000000216,-14.881619999999998,0.2,-16.777586000000223,-17.921439999999997,0.08,-15.677478000000221,-16.041580000000007,0.16,-16.846936000003012,-16.401739999999997,0.14,-15.20978000000023,-16.041339999999998,0.18,-16.04961600000022,-13.441679999999998,0.26,-15.70952400000022,-17.00188,0.12,-15.837654000000239,-16.561780000000002,0.16,-15.753712000000245
32,-14.521899999999999,0.2,-16.137754000000257,-16.641759999999994,0.14,-15.81356000000023,-15.122199999999998,0.18,-15.253756000000264,-14.721539999999997,0.2,-16.205478000000216,-15.242079999999998,0.18,-16.777586000000223,-15.441399999999998,0.16,-15.677478000000221,-14.84208,0.22,-16.846936000003012,-16.041839999999997,0.16,-15.20978000000023,-15.801359999999995,0.16,-16.04961600000022,-19.361979999999996,0.04,-15.70952400000022,-17.64144,0.1,-15.837654000000239,-17.00122,0.14,-15.753712000000245
33,-15.721779999999992,0.18,-16.137754000000257,-15.521919999999996,0.18,-15.81356000000023,-16.121679999999998,0.16,-15.253756000000264,-15.961739999999997,0.18,-16.205478000000216,-17.12142,0.1,-16.777586000000223,-18.081139999999994,0.1,-15.677478000000221,-17.521819999999995,0.1,-16.846936000003012,-16.36206,0.14,-15.20978000000023,-15.801759999999996,0.16,-16.04961600000022,-15.361379999999999,0.16,-15.70952400000022,-15.841759999999995,0.18,-15.837654000000239,-14.681939999999997,0.22,-15.753712000000245
34,-16.401660000000003,0.14,-16.137754000000257,-15.721599999999997,0.18,-15.81356000000023,-15.362079999999997,0.2,-15.253756000000264,-18.36134,0.08,-16.205478000000216,-14.441699999999999,0.2,-16.777586000000223,-17.521759999999997,0.1,-15.677478000000221,-17.921499999999995,0.1,-16.846936000003012,-17.362180000000006,0.12,-15.20978000000023,-16.681119999999996,0.14,-16.04961600000022,-16.6816,0.14,-15.70952400000022,-14.760979999999995,0.2,-15.837654000000239,-18.923299999999994,0.06,-15.753712000000245
35,-16.281299999999995,0.14,-16.137754000000257,-16.641759999999998,0.14,-15.81356000000023,-17.281499999999998,0.12,-15.253756000000264,-14.081979999999996,0.22,-16.205478000000216,-17.16164,0.12,-16.777586000000223,-17.441419999999997,0.1,-15.677478000000221,-14.120999999999999,0.24,-16.846936000003012,-18.12156,0.08,-15.20978000000023,-16.682479999999998,0.12,-16.04961600000022,-15.242059999999997,0.18,-15.70952400000022,-17.202059999999996,0.1,-15.837654000000239,-15.042379999999998,0.2,-15.753712000000245
36,-18.002039999999997,0.1,-16.137754000000257,-16.56156,0.14,-15.81356000000023,-15.601519999999999,0.18,-15.253756000000264,-15.721919999999997,0.16,-16.205478000000216,-18.522339999999993,0.06,-16.777586000000223,-16.801979999999997,0.14,-15.677478000000221,-15.361939999999999,0.18,-16.846936000003012,-18.801219999999994,0.06,-15.20978000000023,-16.601760000000002,0.14,-16.04961600000022,-17.20134,0.12,-15.70952400000022,-16.561699999999995,0.16,-15.837654000000239,-16.52144,0.14,-15.753712000000245
37,-14.721699999999997,0.2,-16.137754000000257,-18.201439999999998,0.08,-15.81356000000023,-15.281919999999998,0.18,-15.253756000000264,-17.201679999999996,0.12,-16.205478000000216,-15.161819999999999,0.18,-16.777586000000223,-17.761799999999997,0.1,-15.677478000000221,-15.002619999999993,0.2,-16.846936000003012,-15.04204,0.18,-15.20978000000023,-17.361679999999996,0.12,-16.04961600000022,-16.00132,0.18,-15.70952400000022,-16.24166,0.16,-15.837654000000239,-15.241679999999997,0.2,-15.753712000000245
38,-15.441659999999997,0.18,-16.137754000000257,-16.96118,0.12,-15.81356000000023,-17.760899999999996,0.08,-15.253756000000264,-16.52198,0.12,-16.205478000000216,-15.641399999999997,0.18,-16.777586000000223,-17.041819999999998,0.12,-15.677478000000221,-16.76146,0.12,-16.846936000003012,-15.722159999999997,0.16,-15.20978000000023,-16.761359999999996,0.14,-16.04961600000022,-18.401840000000004,0.08,-15.70952400000022,-18.081759999999996,0.1,-15.837654000000239,-17.32174,0.12,-15.753712000000245
39,-15.722299999999995,0.16,-16.137754000000257,-16.241859999999996,0.16,-15.81356000000023,-16.401939999999996,0.14,-15.253756000000264,-19.361339999999995,0.04,-16.205478000000216,-16.801479999999998,0.14,-16.777586000000223,-16.28138,0.16,-15.677478000000221,-16.081839999999993,0.16,-16.846936000003012,-17.88232,0.1,-15.20978000000023,-15.72148,0.18,-16.04961600000022,-14.92182,0.2,-15.70952400000022,-16.561379999999996,0.14,-15.837654000000239,-14.121599999999995,0.2,-15.753712000000245
40,-16.002079999999996,0.16,-16.137754000000257,-16.081280000000003,0.14,-15.81356000000023,-18.52182,0.06,-15.253756000000264,-18.48146,0.08,-16.205478000000216,-18.12148,0.08,-16.777586000000223,-18.361639999999998,0.08,-15.677478000000221,-18.081959999999995,0.08,-16.846936000003012,-17.64846,0.1,-15.20978000000023,-17.52132,0.12,-16.04961600000022,-16.2013,0.14,-15.70952400000022,-16.841979999999996,0.12,-15.837654000000239,-16.001539999999995,0.16,-15.753712000000245
41,-15.041819999999998,0.2,-16.137754000000257,-17.041619999999995,0.12,-15.81356000000023,-16.282339999999998,0.16,-15.253756000000264,-17.401679999999995,0.12,-16.205478000000216,-18.081339999999997,0.1,-16.777586000000223,-18.042199999999998,0.08,-15.677478000000221,-16.401619999999994,0.14,-16.846936000003012,-16.121539999999996,0.16,-15.20978000000023,-13.881699999999997,0.22,-16.04961600000022,-17.24146,0.12,-15.70952400000022,-14.401539999999995,0.2,-15.837654000000239,-16.121219999999997,0.16,-15.753712000000245
42,-14.482059999999999,0.24,-16.137754000000257,-19.2018,0.04,-15.81356000000023,-13.361579999999998,0.24,-15.253756000000264,-15.961299999999996,0.16,-16.205478000000216,-18.161179999999998,0.08,-16.777586000000223,-16.32106,0.16,-15.677478000000221,-18.081939999999996,0.08,-16.846936000003012,-16.88696,0.14,-15.20978000000023,-14.28222,0.2,-16.04961600000022,-15.921659999999997,0.16,-15.70952400000022,-17.56122,0.12,-15.837654000000239,-17.122059999999998,0.1,-15.753712000000245
43,-17.801779999999997,0.1,-16.137754000000257,-17.321659999999998,0.1,-15.81356000000023,-16.081439999999997,0.16,-15.253756000000264,-16.801499999999997,0.12,-16.205478000000216,-14.800999999999997,0.18,-16.777586000000223,-14.641559999999997,0.22,-15.677478000000221,-15.84154,0.16,-16.846936000003012,-13.121179999999999,0.24,-15.20978000000023,-17.08212,0.12,-16.04961600000022,-16.721639999999997,0.14,-15.70952400000022,-17.841499999999993,0.1,-15.837654000000239,-16.442159999999998,0.14,-15.753712000000245
44,-16.36184,0.14,-16.137754000000257,-16.561439999999994,0.14,-15.81356000000023,-16.041560000000004,0.16,-15.253756000000264,-17.922480000000004,0.1,-16.205478000000216,-16.161579999999997,0.16,-16.777586000000223,-16.201619999999995,0.14,-15.677478000000221,-15.121919999999998,0.18,-16.846936000003012,-15.761499999999996,0.16,-15.20978000000023,-17.122239999999998,0.12,-16.04961600000022,-15.081119999999997,0.18,-15.70952400000022,-16.881759999999996,0.14,-15.837654000000239,-16.281819999999996,0.14,-15.753712000000245
45,-17.401479999999996,0.1,-16.137754000000257,-16.28174,0.14,-15.81356000000023,-13.522099999999998,0.24,-15.253756000000264,-14.68172,0.2,-16.205478000000216,-15.4422,0.18,-16.777586000000223,-13.841939999999997,0.22,-15.677478000000221,-18.801579999999994,0.06,-16.846936000003012,-14.961360000000004,0.18,-15.20978000000023,-16.44148,0.16,-16.04961600000022,-15.961419999999993,0.16,-15.70952400000022,-16.281399999999994,0.14,-15.837654000000239,-18.241039999999998,0.08,-15.753712000000245
46,-16.481479999999998,0.14,-16.137754000000257,-16.961399999999998,0.12,-15.81356000000023,-15.401719999999997,0.18,-15.253756000000264,-17.041939999999993,0.12,-16.205478000000216,-14.801879999999999,0.2,-16.777586000000223,-14.64204,0.2,-15.677478000000221,-17.24232,0.12,-16.846936000003012,-14.721659999999995,0.22,-15.20978000000023,-17.8416,0.1,-16.04961600000022,-15.201439999999998,0.2,-15.70952400000022,-16.80172,0.14,-15.837654000000239,-14.0011,0.26,-15.753712000000245
47,-16.801959999999998,0.12,-16.137754000000257,-17.841820000000006,0.1,-15.81356000000023,-15.9222,0.18,-15.253756000000264,-17.52148,0.12,-16.205478000000216,-15.841680000000004,0.16,-16.777586000000223,-18.681359999999994,0.06,-15.677478000000221,-18.0816,0.08,-16.846936000003012,-14.281119999999996,0.24,-15.20978000000023,-13.362019999999994,0.24,-16.04961600000022,-16.28192,0.14,-15.70952400000022,-17.401500000000002,0.12,-15.837654000000239,-14.441319999999997,0.2,-15.753712000000245
48,-15.401319999999998,0.22,-16.137754000000257,-17.08136,0.14,-15.81356000000023,-14.801759999999996,0.18,-15.253756000000264,-14.801179999999999,0.2,-16.205478000000216,-16.52162,0.12,-16.777586000000223,-16.24154,0.16,-15.677478000000221,-15.921979999999996,0.16,-16.846936000003012,-16.96222,0.12,-15.20978000000023,-13.321999999999994,0.26,-16.04961600000022,-14.041619999999996,0.22,-15.70952400000022,-15.961159999999998,0.18,-15.837654000000239,-16.84132,0.14,-15.753712000000245
49,-18.201499999999996,0.08,-16.137754000000257,-17.161039999999996,0.12,-15.81356000000023,-15.961639999999997,0.14,-15.253756000000264,-18.72192,0.06,-16.205478000000216,-14.362019999999996,0.26,-16.777586000000223,-12.441779999999994,0.28,-15.677478000000221,-15.56202,0.18,-16.846936000003012,-16.041999999999994,0.16,-15.20978000000023,-14.841879999999996,0.2,-16.04961600000022,-15.482179999999996,0.16,-15.70952400000022,-15.841739999999998,0.16,-15.837654000000239,-16.3616,0.14,-15.753712000000245
50,-16.442079999999997,0.14,-16.137754000000257,-18.80164,0.06,-15.81356000000023,-17.7222,0.1,-15.253756000000264,-15.362219999999995,0.18,-16.205478000000216,-18.481559999999998,0.08,-16.777586000000223,-16.521679999999996,0.12,-15.677478000000221,-17.64156,0.12,-16.846936000003012,-16.7611,0.14,-15.20978000000023,-16.082,0.16,-16.04961600000022,-14.40176,0.2,-15.70952400000022,-15.881679999999996,0.18,-15.837654000000239,-18.320999999999998,0.08,-15.753712000000245
51,-15.481859999999998,0.16,-16.137754000000257,-14.121319999999995,0.22,-15.81356000000023,-18.40166,0.08,-15.253756000000264,-15.801660000000002,0.16,-16.205478000000216,-15.241439999999994,0.2,-16.777586000000223,-17.121339999999996,0.12,-15.677478000000221,-14.721420000000002,0.2,-16.846936000003012,-15.482059999999999,0.18,-15.20978000000023,-17.48184,0.1,-16.04961600000022,-16.402119999999996,0.16,-15.70952400000022,-15.642339999999997,0.16,-15.837654000000239,-15.642179999999996,0.2,-15.753712000000245
52,-15.321819999999997,0.2,-16.137754000000257,-15.601819999999998,0.18,-15.81356000000023,-15.281499999999994,0.18,-15.253756000000264,-16.56144,0.16,-16.205478000000216,-15.8412,0.18,-16.777586000000223,-16.80174,0.14,-15.677478000000221,-16.761639999999996,0.14,-16.846936000003012,-15.081599999999995,0.2,-15.20978000000023,-16.76212,0.14,-16.04961600000022,-17.121439999999996,0.1,-15.70952400000022,-17.722019999999997,0.1,-15.837654000000239,-15.001660000000001,0.2,-15.753712000000245
53,-18.921599999999998,0.06,-16.137754000000257,-17.761419999999998,0.1,-15.81356000000023,-15.842319999999996,0.18,-15.253756000000264,-16.561059999999998,0.14,-16.205478000000216,-14.0814,0.22,-16.777586000000223,-15.401579999999997,0.16,-15.677478000000221,-16.64218,0.14,-16.846936000003012,-15.402099999999995,0.18,-15.20978000000023,-15.321819999999995,0.2,-16.04961600000022,-17.521319999999996,0.1,-15.70952400000022,-13.40158,0.24,-15.837654000000239,-18.08166,0.1,-15.753712000000245
54,-15.282139999999997,0.18,-16.137754000000257,-16.44162,0.14,-15.81356000000023,-16.081139999999998,0.16,-15.253756000000264,-15.081839999999998,0.18,-16.205478000000216,-16.481639999999995,0.14,-16.777586000000223,-16.721639999999997,0.12,-15.677478000000221,-17.762099999999997,0.1,-16.846936000003012,-15.24144,0.18,-15.20978000000023,-17.441460000000003,0.12,-16.04961600000022,-13.161880000000002,0.24,-15.70952400000022,-17.201739999999997,0.12,-15.837654000000239,-16.681259999999995,0.16,-15.753712000000245
55,-13.24158,0.24,-16.137754000000257,-14.081399999999997,0.22,-15.81356000000023,-17.841839999999994,0.08,-15.253756000000264,-17.20144,0.1,-16.205478000000216,-17.201980000000002,0.12,-16.777586000000223,-15.721580000000001,0.16,-15.677478000000221,-16.081840000000003,0.16,-16.846936000003012,-16.322119999999998,0.14,-15.20978000000023,-13.201619999999997,0.26,-16.04961600000022,-18.641719999999996,0.06,-15.70952400000022,-13.841939999999996,0.24,-15.837654000000239,-17.801139999999997,0.1,-15.753712000000245
56,-15.562080000000002,0.18,-16.137754000000257,-19.68122,0.02,-15.81356000000023,-15.20192,0.18,-15.253756000000264,-17.00158,0.14,-16.205478000000216,-18.401739999999997,0.06,-16.777586000000223,-15.642459999999998,0.18,-15.677478000000221,-17.241579999999995,0.12,-16.846936000003012,-17.481319999999997,0.12,-15.20978000000023,-18.242039999999996,0.08,-16.04961600000022,-16.361479999999997,0.16,-15.70952400000022,-15.521340000000002,0.18,-15.837654000000239,-17.842099999999995,0.1,-15.753712000000245
57,-18.881719999999994,0.06,-16.137754000000257,-15.762039999999999,0.16,-15.81356000000023,-14.962099999999996,0.18,-15.253756000000264,-18.36114,0.08,-16.205478000000216,-18.721559999999997,0.06,-16.777586000000223,-16.361939999999993,0.14,-15.677478000000221,-15.721199999999996,0.18,-16.846936000003012,-15.721899999999998,0.18,-15.20978000000023,-16.721459999999993,0.14,-16.04961600000022,-13.44188,0.24,-15.70952400000022,-18.521800000000002,0.08,-15.837654000000239,-15.161979999999998,0.18,-15.753712000000245
58,-15.681559999999998,0.18,-16.137754000000257,-18.68146,0.06,-15.81356000000023,-17.52152,0.1,-15.253756000000264,-14.9219,0.18,-16.205478000000216,-14.40214,0.22,-16.777586000000223,-15.72227999999999,0.18,-15.677478000000221,-16.362199999999998,0.14,-16.846936000003012,-15.201479999999998,0.18,-15.20978000000023,-15.161779999999997,0.22,-16.04961600000022,-17.40124,0.12,-15.70952400000022,-13.322119999999998,0.24,-15.837654000000239,-15.321659999999998,0.2,-15.753712000000245
59,-16.721119999999996,0.12,-16.137754000000257,-17.401819999999994,0.12,-15.81356000000023,-16.641199999999998,0.14,-15.253756000000264,-15.281819999999996,0.2,-16.205478000000216,-16.841479999999994,0.12,-16.777586000000223,-16.24238,0.16,-15.677478000000221,-15.44182,0.2,-16.846936000003012,-16.361839999999997,0.16,-15.20978000000023,-15.601619999999995,0.18,-16.04961600000022,-17.4415,0.12,-15.70952400000022,-16.361439999999998,0.16,-15.837654000000239,-14.641959999999997,0.18,-15.753712000000245
60,-15.00132,0.2,-16.137754000000257,-18.361619999999995,0.08,-15.81356000000023,-15.40176,0.18,-15.253756000000264,-16.12162,0.16,-16.205478000000216,-17.481699999999996,0.1,-16.777586000000223,-15.561459999999995,0.16,-15.677478000000221,-17.441879999999998,0.12,-16.846936000003012,-16.001519999999996,0.16,-15.20978000000023,-12.92146,0.26,-16.04961600000022,-16.921599999999998,0.14,-15.70952400000022,-16.842439999999996,0.14,-15.837654000000239,-14.401079999999997,0.2,-15.753712000000245
61,-15.002619999999995,0.2,-16.137754000000257,-16.32162,0.14,-15.81356000000023,-16.48116,0.14,-15.253756000000264,-16.921279999999996,0.12,-16.205478000000216,-15.76144,0.16,-16.777586000000223,-16.241239999999998,0.16,-15.677478000000221,-13.801559999999997,0.22,-16.846936000003012,-15.7219,0.16,-15.20978000000023,-14.682299999999996,0.2,-16.04961600000022,-13.32132,0.24,-15.70952400000022,-16.041659999999997,0.18,-15.837654000000239,-18.681379999999997,0.06,-15.753712000000245
62,-15.481959999999994,0.16,-16.137754000000257,-18.201340000000002,0.08,-15.81356000000023,-13.801619999999998,0.22,-15.253756000000264,-17.20154,0.12,-16.205478000000216,-16.361819999999998,0.14,-16.777586000000223,-18.281539999999996,0.08,-15.677478000000221,-17.16224,0.12,-16.846936000003012,-16.121979999999997,0.16,-15.20978000000023,-17.721479999999993,0.1,-16.04961600000022,-16.04126,0.14,-15.70952400000022,-16.122039999999995,0.14,-15.837654000000239,-15.76136,0.14,-15.753712000000245
63,-15.321659999999998,0.18,-16.137754000000257,-17.561219999999995,0.1,-15.81356000000023,-18.441399999999998,0.08,-15.253756000000264,-15.92208,0.18,-16.205478000000216,-14.882139999999994,0.18,-16.777586000000223,-16.24158,0.16,-15.677478000000221,-17.121179999999995,0.1,-16.846936000003012,-17.242079999999998,0.1,-15.20978000000023,-16.40166,0.14,-16.04961600000022,-15.081379999999998,0.18,-15.70952400000022,-15.841659999999997,0.16,-15.837654000000239,-16.4819,0.14,-15.753712000000245
64,-18.20132,0.08,-16.137754000000257,-16.401499999999995,0.16,-15.81356000000023,-18.442059999999994,0.08,-15.253756000000264,-17.04128,0.14,-16.205478000000216,-18.481859999999994,0.08,-16.777586000000223,-13.921199999999997,0.22,-15.677478000000221,-16.28156,0.14,-16.846936000003012,-14.201379999999999,0.24,-15.20978000000023,-13.202179999999997,0.26,-16.04961600000022,-15.122720000000001,0.2,-15.70952400000022,-14.841679999999998,0.2,-15.837654000000239,-17.441799999999997,0.1,-15.753712000000245
65,-16.241619999999998,0.16,-16.137754000000257,-16.84148,0.12,-15.81356000000023,-16.041539999999998,0.16,-15.253756000000264,-17.161279999999998,0.12,-16.205478000000216,-14.721599999999999,0.18,-16.777586000000223,-17.482059999999997,0.1,-15.677478000000221,-18.002239999999997,0.1,-16.846936000003012,-16.52154,0.14,-15.20978000000023,-14.5615,0.2,-16.04961600000022,-13.481799999999998,0.24,-15.70952400000022,-13.521339999999999,0.26,-15.837654000000239,-16.001839999999998,0.16,-15.753712000000245
66,-15.721599999999999,0.18,-16.137754000000257,-17.041459999999997,0.12,-15.81356000000023,-16.921640000000004,0.12,-15.253756000000264,-16.721599999999995,0.12,-16.205478000000216,-14.041499999999996,0.22,-16.777586000000223,-17.801599999999997,0.1,-15.677478000000221,-15.642299999999999,0.18,-16.846936000003012,-17.68154,0.1,-15.20978000000023,-14.842019999999998,0.2,-16.04961600000022,-16.12124,0.14,-15.70952400000022,-14.441880000000001,0.22,-15.837654000000239,-16.8019,0.12,-15.753712000000245
67,-15.761419999999998,0.16,-16.137754000000257,-14.441539999999998,0.22,-15.81356000000023,-16.202219999999997,0.16,-15.253756000000264,-16.04204,0.14,-16.205478000000216,-16.121359999999996,0.16,-16.777586000000223,-18.081659999999992,0.08,-15.677478000000221,-15.561979999999997,0.18,-16.846936000003012,-14.04182,0.22,-15.20978000000023,-18.401419999999998,0.06,-16.04961600000022,-15.721479999999996,0.16,-15.70952400000022,-17.121559999999995,0.12,-15.837654000000239,-16.121440000000003,0.16,-15.753712000000245
68,-15.361780000000001,0.18,-16.137754000000257,-15.881079999999999,0.18,-15.81356000000023,-17.20166,0.12,-15.253756000000264,-17.761779999999995,0.1,-16.205478000000216,-16.521499999999996,0.14,-16.777586000000223,-16.361839999999994,0.16,-15.677478000000221,-15.762179999999999,0.14,-16.846936000003012,-13.321720000000001,0.24,-15.20978000000023,-17.68148,0.12,-16.04961600000022,-15.28136,0.2,-15.70952400000022,-16.041679999999996,0.18,-15.837654000000239,-14.561839999999997,0.22,-15.753712000000245
69,-17.4412,0.12,-16.137754000000257,-15.48212,0.18,-15.81356000000023,-15.84216,0.14,-15.253756000000264,-14.841979999999992,0.2,-16.205478000000216,-16.561079999999993,0.14,-16.777586000000223,-14.881219999999995,0.2,-15.677478000000221,-14.721839999999997,0.2,-16.846936000003012,-16.001379999999997,0.16,-15.20978000000023,-15.241299999999994,0.18,-16.04961600000022,-14.241739999999998,0.22,-15.70952400000022,-17.601339999999997,0.1,-15.837654000000239,-16.96184,0.1,-15.753712000000245
70,-15.881859999999996,0.16,-16.137754000000257,-17.52228,0.1,-15.81356000000023,-16.921959999999995,0.14,-15.253756000000264,-14.64144,0.22,-16.205478000000216,-17.321599999999997,0.12,-16.777586000000223,-19.041299999999993,0.06,-15.677478000000221,-17.561939999999993,0.12,-16.846936000003012,-16.561979999999995,0.14,-15.20978000000023,-16.041619999999998,0.14,-16.04961600000022,-14.241979999999998,0.24,-15.70952400000022,-16.722019999999997,0.12,-15.837654000000239,-14.161419999999998,0.22,-15.753712000000245
71,-14.962339999999998,0.2,-16.137754000000257,-19.921259999999997,0.02,-15.81356000000023,-16.321699999999996,0.14,-15.253756000000264,-18.64092,0.06,-16.205478000000216,-15.201419999999995,0.2,-16.777586000000223,-16.68088,0.12,-15.677478000000221,-14.841619999999995,0.2,-16.846936000003012,-17.841759999999997,0.1,-15.20978000000023,-15.72166,0.18,-16.04961600000022,-17.04184,0.12,-15.70952400000022,-15.121799999999999,0.18,-15.837654000000239,-17.201359999999994,0.12,-15.753712000000245
72,-15.921979999999996,0.14,-16.137754000000257,-13.881459999999999,0.22,-15.81356000000023,-15.361179999999997,0.18,-15.253756000000264,-14.680999999999997,0.2,-16.205478000000216,-14.681219999999996,0.22,-16.777586000000223,-16.561419999999995,0.14,-15.677478000000221,-17.641779999999997,0.1,-16.846936000003012,-14.281680000000001,0.22,-15.20978000000023,-15.481199999999996,0.18,-16.04961600000022,-16.441879999999998,0.14,-15.70952400000022,-14.56232,0.2,-15.837654000000239,-14.6017,0.2,-15.753712000000245
73,-16.921179999999996,0.12,-16.137754000000257,-16.801660000000002,0.14,-15.81356000000023,-15.7215,0.18,-15.253756000000264,-15.3617,0.18,-16.205478000000216,-15.241839999999995,0.18,-16.777586000000223,-15.081,0.2,-15.677478000000221,-16.922079999999998,0.12,-16.846936000003012,-17.121279999999995,0.12,-15.20978000000023,-17.721879999999995,0.1,-16.04961600000022,-18.841459999999998,0.06,-15.70952400000022,-14.921839999999998,0.22,-15.837654000000239,-13.842039999999995,0.24,-15.753712000000245
74,-14.961559999999995,0.2,-16.137754000000257,-17.240899999999996,0.1,-15.81356000000023,-17.041819999999994,0.12,-15.253756000000264,-15.441659999999995,0.18,-16.205478000000216,-16.321779999999997,0.16,-16.777586000000223,-13.881559999999997,0.22,-15.677478000000221,-16.041479999999996,0.16,-16.846936000003012,-16.961599999999997,0.12,-15.20978000000023,-16.841359999999998,0.12,-16.04961600000022,-18.08156,0.08,-15.70952400000022,-16.122,0.16,-15.837654000000239,-17.561639999999993,0.12,-15.753712000000245
75,-17.562019999999997,0.1,-16.137754000000257,-13.961839999999997,0.24,-15.81356000000023,-18.68144,0.06,-15.253756000000264,-16.24154,0.16,-16.205478000000216,-15.761379999999999,0.18,-16.777586000000223,-17.52234,0.1,-15.677478000000221,-18.48248,0.06,-16.846936000003012,-17.362179999999995,0.12,-15.20978000000023,-14.12186,0.24,-16.04961600000022,-15.44246,0.16,-15.70952400000022,-16.08188,0.16,-15.837654000000239,-14.482239999999997,0.2,-15.753712000000245
76,-16.921519999999997,0.14,-16.137754000000257,-16.241159999999997,0.14,-15.81356000000023,-17.60176,0.1,-15.253756000000264,-15.56166,0.16,-16.205478000000216,-15.041080000000001,0.2,-16.777586000000223,-15.722040000000002,0.16,-15.677478000000221,-13.921520000000001,0.22,-16.846936000003012,-15.321199999999997,0.16,-15.20978000000023,-17.16198,0.12,-16.04961600000022,-14.882159999999999,0.18,-15.70952400000022,-15.561819999999997,0.18,-15.837654000000239,-15.601599999999998,0.16,-15.753712000000245
77,-16.28142,0.14,-16.137754000000257,-16.76154,0.12,-15.81356000000023,-14.082119999999998,0.24,-15.253756000000264,-13.96086,0.22,-16.205478000000216,-13.56186,0.26,-16.777586000000223,-17.562699999999996,0.1,-15.677478000000221,-18.521599999999996,0.08,-16.846936000003012,-17.56138,0.12,-15.20978000000023,-15.68226,0.16,-16.04961600000022,-14.281639999999998,0.22,-15.70952400000022,-15.882139999999998,0.18,-15.837654000000239,-18.16186,0.08,-15.753712000000245
78,-17.2824,0.1,-16.137754000000257,-13.20188,0.26,-15.81356000000023,-16.481240000000003,0.14,-15.253756000000264,-18.521039999999996,0.08,-16.205478000000216,-15.481699999999998,0.2,-16.777586000000223,-17.401599999999995,0.12,-15.677478000000221,-17.0417,0.12,-16.846936000003012,-16.601660000000003,0.14,-15.20978000000023,-16.7216,0.14,-16.04961600000022,-17.60166,0.12,-15.70952400000022,-13.201659999999999,0.26,-15.837654000000239,-14.841099999999997,0.2,-15.753712000000245
79,-14.081700000000001,0.2,-16.137754000000257,-16.96206,0.14,-15.81356000000023,-18.041819999999994,0.08,-15.253756000000264,-18.281099999999995,0.08,-16.205478000000216,-16.76184,0.14,-16.777586000000223,-15.202119999999995,0.2,-15.677478000000221,-16.32206,0.16,-16.846936000003012,-15.561559999999997,0.18,-15.20978000000023,-15.402359999999996,0.2,-16.04961600000022,-12.601379999999999,0.28,-15.70952400000022,-16.922279999999997,0.12,-15.837654000000239,-17.801339999999996,0.1,-15.753712000000245
80,-17.64174,0.1,-16.137754000000257,-15.361439999999998,0.18,-15.81356000000023,-18.04166,0.1,-15.253756000000264,-16.721420000000002,0.14,-16.205478000000216,-18.20186,0.08,-16.777586000000223,-16.1622,0.16,-15.677478000000221,-17.081319999999995,0.12,-16.846936000003012,-15.801459999999995,0.16,-15.20978000000023,-14.96134,0.2,-16.04961600000022,-14.521579999999993,0.22,-15.70952400000022,-15.201500000000001,0.16,-15.837654000000239,-18.20142,0.08,-15.753712000000245
81,-16.40198,0.16,-16.137754000000257,-17.321839999999998,0.12,-15.81356000000023,-17.28166,0.1,-15.253756000000264,-15.361659999999997,0.16,-16.205478000000216,-14.761859999999999,0.2,-16.777586000000223,-17.561679999999996,0.12,-15.677478000000221,-17.96258,0.1,-16.846936000003012,-17.562159999999995,0.1,-15.20978000000023,-17.001199999999997,0.12,-16.04961600000022,-16.56198,0.14,-15.70952400000022,-15.80168,0.18,-15.837654000000239,-18.48134,0.08,-15.753712000000245
82,-18.92205999999999,0.06,-16.137754000000257,-16.961759999999995,0.14,-15.81356000000023,-15.36196,0.18,-15.253756000000264,-15.64194,0.16,-16.205478000000216,-15.041559999999999,0.2,-16.777586000000223,-15.521559999999997,0.18,-15.677478000000221,-12.842119999999998,0.26,-16.846936000003012,-18.921940000000003,0.06,-15.20978000000023,-16.842339999999993,0.14,-16.04961600000022,-14.28216,0.2,-15.70952400000022,-16.64164,0.14,-15.837654000000239,-17.961380000000002,0.08,-15.753712000000245
83,-18.681379999999994,0.06,-16.137754000000257,-17.561159999999997,0.1,-15.81356000000023,-15.121519999999997,0.2,-15.253756000000264,-17.561819999999997,0.12,-16.205478000000216,-15.241699999999998,0.2,-16.777586000000223,-13.4026,0.26,-15.677478000000221,-18.242259999999998,0.08,-16.846936000003012,-17.921759999999995,0.1,-15.20978000000023,-16.321939999999998,0.16,-16.04961600000022,-15.001979999999998,0.2,-15.70952400000022,-15.081559999999994,0.2,-15.837654000000239,-17.922139999999995,0.08,-15.753712000000245
84,-16.041319999999995,0.16,-16.137754000000257,-17.96142,0.1,-15.81356000000023,-15.921939999999998,0.16,-15.253756000000264,-14.48186,0.2,-16.205478000000216,-15.282479999999998,0.2,-16.777586000000223,-14.841759999999997,0.2,-15.677478000000221,-17.521659999999997,0.08,-16.846936000003012,-12.521600000000001,0.26,-15.20978000000023,-15.961740000000002,0.16,-16.04961600000022,-17.842,0.1,-15.70952400000022,-14.041839999999995,0.22,-15.837654000000239,-17.641419999999997,0.1,-15.753712000000245
85,-16.441999999999997,0.14,-16.137754000000257,-14.801879999999997,0.2,-15.81356000000023,-16.121719999999996,0.16,-15.253756000000264,-14.321579999999992,0.22,-16.205478000000216,-16.0411,0.18,-16.777586000000223,-14.801279999999995,0.2,-15.677478000000221,-16.4818,0.12,-16.846936000003012,-15.881379999999996,0.18,-15.20978000000023,-16.121499999999997,0.14,-16.04961600000022,-15.842119999999996,0.16,-15.70952400000022,-17.362199999999998,0.12,-15.837654000000239,-17.12096,0.1,-15.753712000000245
86,-17.3218,0.1,-16.137754000000257,-15.881699999999999,0.18,-15.81356000000023,-17.522159999999996,0.12,-15.253756000000264,-15.64158,0.16,-16.205478000000216,-15.48146,0.18,-16.777586000000223,-16.28137999999999,0.14,-15.677478000000221,-18.921219999999998,0.06,-16.846936000003012,-15.881999999999996,0.16,-15.20978000000023,-15.161879999999998,0.18,-16.04961600000022,-15.641559999999995,0.16,-15.70952400000022,-14.04162,0.22,-15.837654000000239,-14.721479999999996,0.2,-15.753712000000245
87,-14.801519999999996,0.2,-16.137754000000257,-14.8816,0.18,-15.81356000000023,-14.52178,0.22,-15.253756000000264,-15.801919999999997,0.18,-16.205478000000216,-13.761919999999996,0.22,-16.777586000000223,-15.361960000000002,0.18,-15.677478000000221,-12.121899999999998,0.3,-16.846936000003012,-16.321419999999996,0.16,-15.20978000000023,-16.201579999999996,0.14,-16.04961600000022,-16.5612,0.14,-15.70952400000022,-16.1222,0.16,-15.837654000000239,-14.761599999999998,0.22,-15.753712000000245
88,-17.40122,0.12,-16.137754000000257,-17.72118,0.1,-15.81356000000023,-16.002119999999998,0.16,-15.253756000000264,-15.281259999999996,0.18,-16.205478000000216,-16.561439999999994,0.14,-16.777586000000223,-18.761279999999996,0.06,-15.677478000000221,-16.161099999999998,0.14,-16.846936000003012,-15.561679999999999,0.18,-15.20978000000023,-14.921919999999993,0.2,-16.04961600000022,-15.441819999999996,0.18,-15.70952400000022,-14.322059999999997,0.22,-15.837654000000239,-18.361959999999996,0.08,-15.753712000000245
89,-15.002099999999999,0.2,-16.137754000000257,-17.76102,0.1,-15.81356000000023,-16.241400000000002,0.16,-15.253756000000264,-19.0416,0.06,-16.205478000000216,-18.441979999999994,0.08,-16.777586000000223,-16.041279999999997,0.14,-15.677478000000221,-16.761579999999995,0.12,-16.846936000003012,-15.921119999999997,0.16,-15.20978000000023,-17.28206,0.1,-16.04961600000022,-17.8412,0.08,-15.70952400000022,-15.361799999999995,0.18,-15.837654000000239,-15.841859999999999,0.18,-15.753712000000245
90,-15.361199999999998,0.16,-16.137754000000257,-15.801599999999999,0.16,-15.81356000000023,-15.521979999999992,0.18,-15.253756000000264,-15.961739999999997,0.14,-16.205478000000216,-15.32142,0.18,-16.777586000000223,-13.642219999999998,0.24,-15.677478000000221,-17.281679999999998,0.12,-16.846936000003012,-16.08176,0.18,-15.20978000000023,-14.64148,0.22,-16.04961600000022,-17.401339999999998,0.12,-15.70952400000022,-14.56204,0.2,-15.837654000000239,-14.401679999999997,0.22,-15.753712000000245
91,-18.321140000000003,0.08,-16.137754000000257,-15.68188,0.18,-15.81356000000023,-15.201640000000003,0.18,-15.253756000000264,-14.80156,0.2,-16.205478000000216,-14.441659999999995,0.24,-16.777586000000223,-17.762079999999997,0.1,-15.677478000000221,-16.761319999999998,0.14,-16.846936000003012,-14.92172,0.2,-15.20978000000023,-14.041919999999998,0.26,-16.04961600000022,-14.8422,0.2,-15.70952400000022,-17.961619999999996,0.08,-15.837654000000239,-18.121439999999993,0.08,-15.753712000000245
92,-14.761799999999996,0.18,-16.137754000000257,-17.761279999999996,0.1,-15.81356000000023,-14.121459999999997,0.22,-15.253756000000264,-16.88156,0.14,-16.205478000000216,-14.561339999999998,0.2,-16.777586000000223,-15.961819999999998,0.16,-15.677478000000221,-15.721459999999997,0.18,-16.846936000003012,-17.64172,0.1,-15.20978000000023,-15.961919999999997,0.14,-16.04961600000022,-16.802,0.14,-15.70952400000022,-17.441699999999997,0.1,-15.837654000000239,-16.52122,0.16,-15.753712000000245
93,-16.721140000000002,0.14,-16.137754000000257,-16.64116,0.14,-15.81356000000023,-18.322,0.08,-15.253756000000264,-17.201979999999995,0.12,-16.205478000000216,-16.40194,0.14,-16.777586000000223,-14.242439999999998,0.26,-15.677478000000221,-16.522599999999997,0.14,-16.846936000003012,-15.841779999999998,0.18,-15.20978000000023,-18.00252,0.08,-16.04961600000022,-17.2817,0.12,-15.70952400000022,-16.1616,0.16,-15.837654000000239,-12.881979999999999,0.26,-15.753712000000245
94,-17.321839999999998,0.12,-16.137754000000257,-16.681520000000003,0.14,-15.81356000000023,-16.922079999999998,0.12,-15.253756000000264,-18.4026,0.08,-16.205478000000216,-16.442099999999996,0.14,-16.777586000000223,-15.561259999999999,0.2,-15.677478000000221,-14.44154,0.2,-16.846936000003012,-15.601899999999995,0.18,-15.20978000000023,-16.081580000000002,0.14,-16.04961600000022,-16.001179999999998,0.14,-15.70952400000022,-14.281080000000001,0.22,-15.837654000000239,-16.402199999999997,0.14,-15.753712000000245
95,-14.481599999999993,0.24,-16.137754000000257,-16.881880000000002,0.12,-15.81356000000023,-18.80117999999999,0.06,-15.253756000000264,-17.76142,0.1,-16.205478000000216,-14.881979999999999,0.18,-16.777586000000223,-15.601499999999994,0.18,-15.677478000000221,-17.72164,0.1,-16.846936000003012,-16.80194,0.12,-15.20978000000023,-14.801459999999997,0.2,-16.04961600000022,-19.441520000000004,0.04,-15.70952400000022,-18.481520000000003,0.08,-15.837654000000239,-17.202340000000003,0.12,-15.753712000000245
96,-16.76185999999999,0.14,-16.137754000000257,-13.801459999999997,0.24,-15.81356000000023,-15.960999999999995,0.16,-15.253756000000264,-15.561519999999998,0.2,-16.205478000000216,-17.241400000000002,0.12,-16.777586000000223,-16.88214,0.14,-15.677478000000221,-15.56182,0.16,-16.846936000003012,-14.200999999999997,0.2,-15.20978000000023,-17.161599999999993,0.12,-16.04961600000022,-15.76152,0.16,-15.70952400000022,-16.16138,0.16,-15.837654000000239,-16.041900000000002,0.14,-15.753712000000245
97,-15.761779999999998,0.18,-16.137754000000257,-16.081939999999996,0.16,-15.81356000000023,-16.840919999999993,0.14,-15.253756000000264,-15.601419999999996,0.18,-16.205478000000216,-15.8418,0.16,-16.777586000000223,-18.001680000000004,0.1,-15.677478000000221,-17.082140000000003,0.12,-16.846936000003012,-16.041379999999997,0.16,-15.20978000000023,-17.361659999999997,0.12,-16.04961600000022,-16.72094,0.12,-15.70952400000022,-16.641840000000002,0.14,-15.837654000000239,-15.08144,0.2,-15.753712000000245
98,-15.601819999999996,0.18,-16.137754000000257,-16.842179999999995,0.14,-15.81356000000023,-14.641439999999994,0.22,-15.253756000000264,-16.88138,0.12,-16.205478000000216,-15.721719999999994,0.18,-16.777586000000223,-14.801179999999997,0.22,-15.677478000000221,-13.601179999999998,0.24,-16.846936000003012,-17.041239999999995,0.12,-15.20978000000023,-15.761639999999993,0.16,-16.04961600000022,-15.641499999999999,0.16,-15.70952400000022,-17.52186,0.1,-15.837654000000239,-18.48206,0.08,-15.753712000000245
99,-17.361980000000003,0.1,-16.137754000000257,-16.48145999999999,0.16,-15.81356000000023,-11.401759999999998,0.32,-15.253756000000264,-17.52192,0.1,-16.205478000000216,-15.601320000000001,0.16,-16.777586000000223,-14.081559999999998,0.24,-15.677478000000221,-16.721779999999995,0.14,-16.846936000003012,-19.20244,0.04,-15.20978000000023,-16.401480000000003,0.16,-16.04961600000022,-17.281660000000002,0.12,-15.70952400000022,-16.8417,0.14,-15.837654000000239,-15.64164,0.16,-15.753712000000245
100,-19.002119999999998,0.06,-16.137754000000257,-17.561479999999996,0.12,-15.81356000000023,-17.52186,0.1,-15.253756000000264,-17.24178,0.12,-16.205478000000216,-14.721619999999998,0.18,-16.777586000000223,-16.68188,0.16,-15.677478000000221,-15.40186,0.2,-16.846936000003012,-17.40144,0.12,-15.20978000000023,-15.481639999999995,0.18,-16.04961600000022,-15.642159999999997,0.18,-15.70952400000022,-14.561760000000003,0.2,-15.837654000000239,-16.04148,0.14,-15.753712000000245
101,-14.922139999999997,0.2,-16.137754000000257,-16.081739999999996,0.14,-15.81356000000023,-18.081679999999995,0.1,-15.253756000000264,-15.242199999999995,0.2,-16.205478000000216,-15.48192,0.18,-16.777586000000223,-17.362159999999996,0.1,-15.677478000000221,-13.40242,0.26,-16.846936000003012,-13.721899999999994,0.24,-15.20978000000023,-15.841619999999999,0.18,-16.04961600000022,-17.162460000000003,0.12,-15.70952400000022,-16.921599999999994,0.12,-15.837654000000239,-15.361559999999997,0.18,-15.753712000000245
102,-16.60184,0.16,-16.137754000000257,-16.361399999999996,0.16,-15.81356000000023,-15.081379999999992,0.2,-15.253756000000264,-17.801599999999997,0.1,-16.205478000000216,-16.402579999999997,0.16,-16.777586000000223,-16.76162,0.14,-15.677478000000221,-16.72172,0.14,-16.846936000003012,-14.281259999999996,0.22,-15.20978000000023,-16.721600000000002,0.14,-16.04961600000022,-17.921919999999997,0.08,-15.70952400000022,-14.601579999999997,0.2,-15.837654000000239,-16.00164,0.16,-15.753712000000245
103,-16.36134,0.14,-16.137754000000257,-18.641599999999997,0.06,-15.81356000000023,-16.20274,0.16,-15.253756000000264,-14.162139999999997,0.22,-16.205478000000216,-16.761419999999998,0.12,-16.777586000000223,-15.881979999999997,0.18,-15.677478000000221,-15.081879999999995,0.2,-16.846936000003012,-15.562260000000002,0.16,-15.20978000000023,-16.041980000000002,0.16,-16.04961600000022,-16.56164,0.12,-15.70952400000022,-16.561359999999997,0.14,-15.837654000000239,-16.201520000000002,0.14,-15.753712000000245
104,-17.16188,0.12,-16.137754000000257,-12.960999999999997,0.26,-15.81356000000023,-16.6023,0.14,-15.253756000000264,-17.761739999999996,0.1,-16.205478000000216,-14.481599999999998,0.22,-16.777586000000223,-16.721439999999994,0.12,-15.677478000000221,-15.161479999999997,0.18,-16.846936000003012,-13.801400000000001,0.24,-15.20978000000023,-15.521699999999996,0.18,-16.04961600000022,-17.40204,0.12,-15.70952400000022,-16.282199999999992,0.14,-15.837654000000239,-15.242259999999996,0.18,-15.753712000000245
105,-16.201499999999996,0.16,-16.137754000000257,-15.082080000000001,0.2,-15.81356000000023,-16.72144,0.12,-15.253756000000264,-15.242099999999999,0.2,-16.205478000000216,-19.52196,0.04,-16.777586000000223,-14.801859999999998,0.2,-15.677478000000221,-17.12176,0.12,-16.846936000003012,-15.521699999999996,0.16,-15.20978000000023,-16.84174,0.12,-16.04961600000022,-18.161999999999995,0.08,-15.70952400000022,-15.481480000000001,0.18,-15.837654000000239,-16.161319999999996,0.14,-15.753712000000245
106,-14.642239999999997,0.22,-16.137754000000257,-16.521939999999997,0.14,-15.81356000000023,-14.121639999999998,0.22,-15.253756000000264,-17.801979999999997,0.1,-16.205478000000216,-18.002119999999998,0.08,-16.777586000000223,-17.00188,0.14,-15.677478000000221,-15.361559999999999,0.18,-16.846936000003012,-18.04202,0.1,-15.20978000000023,-16.362,0.14,-16.04961600000022,-15.721699999999993,0.16,-15.70952400000022,-17.361539999999998,0.1,-15.837654000000239,-13.96178,0.22,-15.753712000000245
107,-15.32186,0.2,-16.137754000000257,-15.68184,0.16,-15.81356000000023,-14.882379999999998,0.2,-15.253756000000264,-17.88184,0.1,-16.205478000000216,-16.92162,0.14,-16.777586000000223,-15.921579999999999,0.16,-15.677478000000221,-12.562099999999997,0.28,-16.846936000003012,-16.842280000000002,0.14,-15.20978000000023,-16.48144,0.14,-16.04961600000022,-18.281399999999994,0.08,-15.70952400000022,-16.521719999999995,0.14,-15.837654000000239,-14.96184,0.2,-15.753712000000245
108,-18.361259999999998,0.08,-16.137754000000257,-15.52202,0.18,-15.81356000000023,-16.24156,0.16,-15.253756000000264,-11.202219999999997,0.32,-16.205478000000216,-18.281559999999995,0.08,-16.777586000000223,-15.60262,0.18,-15.677478000000221,-13.482499999999998,0.24,-16.846936000003012,-16.08128,0.16,-15.20978000000023,-16.1625,0.16,-16.04961600000022,-17.08182,0.14,-15.70952400000022,-18.082219999999996,0.08,-15.837654000000239,-18.561980000000002,0.08,-15.753712000000245
109,-15.52202,0.18,-16.137754000000257,-16.401679999999995,0.14,-15.81356000000023,-15.00174,0.18,-15.253756000000264,-14.80222,0.22,-16.205478000000216,-16.64172,0.14,-16.777586000000223,-15.122119999999997,0.18,-15.677478000000221,-17.601399999999998,0.1,-16.846936000003012,-16.521839999999994,0.14,-15.20978000000023,-15.762019999999998,0.16,-16.04961600000022,-13.721499999999999,0.22,-15.70952400000022,-17.441239999999997,0.1,-15.837654000000239,-17.281260000000003,0.12,-15.753712000000245
110,-16.96154,0.12,-16.137754000000257,-16.88114,0.12,-15.81356000000023,-16.522239999999996,0.14,-15.253756000000264,-16.521359999999998,0.16,-16.205478000000216,-17.361839999999994,0.12,-16.777586000000223,-15.801919999999996,0.18,-15.677478000000221,-16.601399999999995,0.14,-16.846936000003012,-18.48174,0.08,-15.20978000000023,-14.321599999999997,0.24,-16.04961600000022,-17.04158,0.14,-15.70952400000022,-16.48182,0.14,-15.837654000000239,-15.481600000000004,0.18,-15.753712000000245
111,-16.641959999999997,0.12,-16.137754000000257,-17.560939999999995,0.1,-15.81356000000023,-13.841879999999998,0.24,-15.253756000000264,-15.96196,0.16,-16.205478000000216,-17.7614,0.1,-16.777586000000223,-14.441999999999997,0.22,-15.677478000000221,-19.361499999999996,0.04,-16.846936000003012,-16.92184,0.12,-15.20978000000023,-16.36188,0.14,-16.04961600000022,-15.001879999999998,0.22,-15.70952400000022,-18.92118,0.06,-15.837654000000239,-15.881399999999996,0.16,-15.753712000000245
112,-18.241839999999996,0.08,-16.137754000000257,-14.641499999999997,0.22,-15.81356000000023,-18.442259999999997,0.08,-15.253756000000264,-16.242140000000003,0.16,-16.205478000000216,-15.681699999999992,0.18,-16.777586000000223,-17.92108,0.08,-15.677478000000221,-14.841439999999999,0.22,-16.846936000003012,-16.44176,0.16,-15.20978000000023,-16.682239999999993,0.14,-16.04961600000022,-15.04244,0.18,-15.70952400000022,-17.401619999999994,0.12,-15.837654000000239,-16.121499999999997,0.16,-15.753712000000245
113,-18.20146,0.08,-16.137754000000257,-17.521559999999997,0.1,-15.81356000000023,-15.681759999999999,0.18,-15.253756000000264,-9.56202,0.36,-16.205478000000216,-14.64186,0.22,-16.777586000000223,-17.32196,0.12,-15.677478000000221,-16.122239999999998,0.16,-16.846936000003012,-15.521579999999995,0.16,-15.20978000000023,-14.162160000000002,0.24,-16.04961600000022,-16.401579999999996,0.14,-15.70952400000022,-17.0417,0.12,-15.837654000000239,-16.322439999999997,0.16,-15.753712000000245
114,-15.281979999999997,0.22,-16.137754000000257,-16.481399999999994,0.16,-15.81356000000023,-17.161480000000005,0.14,-15.253756000000264,-16.361519999999995,0.16,-16.205478000000216,-16.84186,0.14,-16.777586000000223,-15.561820000000003,0.18,-15.677478000000221,-13.96168,0.22,-16.846936000003012,-12.20212,0.3,-15.20978000000023,-16.882219999999997,0.14,-16.04961600000022,-18.16132,0.08,-15.70952400000022,-15.121879999999999,0.2,-15.837654000000239,-14.921879999999998,0.2,-15.753712000000245
115,-15.641799999999996,0.14,-16.137754000000257,-17.64172,0.1,-15.81356000000023,-16.521720000000002,0.16,-15.253756000000264,-15.001859999999997,0.2,-16.205478000000216,-17.561379999999996,0.1,-16.777586000000223,-14.60154,0.2,-15.677478000000221,-16.84126,0.14,-16.846936000003012,-18.96158,0.04,-15.20978000000023,-15.721239999999996,0.16,-16.04961600000022,-18.08156,0.08,-15.70952400000022,-16.401659999999996,0.16,-15.837654000000239,-12.36174,0.3,-15.753712000000245
116,-14.721339999999996,0.2,-16.137754000000257,-17.441119999999998,0.12,-15.81356000000023,-15.802379999999996,0.18,-15.253756000000264,-14.641879999999999,0.2,-16.205478000000216,-17.36124,0.12,-16.777586000000223,-16.24186,0.14,-15.677478000000221,-17.92148,0.1,-16.846936000003012,-16.762100000000004,0.14,-15.20978000000023,-17.041959999999996,0.12,-16.04961600000022,-17.601459999999996,0.1,-15.70952400000022,-16.52198,0.14,-15.837654000000239,-15.920999999999994,0.18,-15.753712000000245
117,-16.521299999999997,0.14,-16.137754000000257,-16.52202,0.14,-15.81356000000023,-19.961619999999996,0.02,-15.253756000000264,-18.3613,0.08,-16.205478000000216,-15.041639999999997,0.2,-16.777586000000223,-16.041679999999992,0.14,-15.677478000000221,-15.241359999999997,0.18,-16.846936000003012,-16.921579999999995,0.12,-15.20978000000023,-16.1617,0.16,-16.04961600000022,-13.881999999999998,0.24,-15.70952400000022,-18.4817,0.08,-15.837654000000239,-16.48186,0.14,-15.753712000000245
118,-15.720979999999999,0.18,-16.137754000000257,-16.16162,0.16,-15.81356000000023,-14.202119999999997,0.22,-15.253756000000264,-16.281839999999995,0.14,-16.205478000000216,-16.281800000000004,0.16,-16.777586000000223,-15.521899999999999,0.18,-15.677478000000221,-16.601619999999997,0.16,-16.846936000003012,-17.680979999999998,0.1,-15.20978000000023,-15.522040000000002,0.18,-16.04961600000022,-15.121619999999997,0.2,-15.70952400000022,-17.64164,0.1,-15.837654000000239,-18.32182,0.08,-15.753712000000245
119,-18.080879999999997,0.1,-16.137754000000257,-17.80226,0.1,-15.81356000000023,-17.84116,0.1,-15.253756000000264,-14.841520000000001,0.2,-16.205478000000216,-16.28204,0.14,-16.777586000000223,-14.122259999999999,0.2,-15.677478000000221,-16.122,0.16,-16.846936000003012,-14.04176,0.2,-15.20978000000023,-17.041739999999997,0.12,-16.04961600000022,-16.241659999999992,0.16,-15.70952400000022,-16.88172,0.14,-15.837654000000239,-14.80138,0.18,-15.753712000000245
120,-16.52128,0.14,-16.137754000000257,-17.321919999999995,0.12,-15.81356000000023,-16.642,0.16,-15.253756000000264,-18.68148,0.06,-16.205478000000216,-15.642119999999995,0.16,-16.777586000000223,-17.44212,0.1,-15.677478000000221,-13.641699999999998,0.26,-16.846936000003012,-17.321259999999995,0.12,-15.20978000000023,-16.801859999999998,0.14,-16.04961600000022,-14.961599999999999,0.2,-15.70952400000022,-15.80178,0.16,-15.837654000000239,-17.641060000000003,0.1,-15.753712000000245
121,-18.361759999999997,0.08,-16.137754000000257,-16.28174,0.16,-15.81356000000023,-15.241880000000002,0.18,-15.253756000000264,-16.241559999999996,0.16,-16.205478000000216,-15.401579999999997,0.2,-16.777586000000223,-15.481399999999994,0.16,-15.677478000000221,-15.482360000000003,0.2,-16.846936000003012,-17.601379999999995,0.1,-15.20978000000023,-13.682139999999999,0.24,-16.04961600000022,-10.962519999999998,0.32,-15.70952400000022,-16.201739999999997,0.16,-15.837654000000239,-15.801459999999995,0.18,-15.753712000000245
122,-16.72238,0.14,-16.137754000000257,-14.561640000000002,0.2,-15.81356000000023,-13.96158,0.22,-15.253756000000264,-16.521819999999995,0.16,-16.205478000000216,-15.681479999999997,0.16,-16.777586000000223,-17.201719999999998,0.1,-15.677478000000221,-15.921879999999996,0.16,-16.846936000003012,-15.121499999999996,0.18,-15.20978000000023,-17.04148,0.12,-16.04961600000022,-15.281899999999998,0.2,-15.70952400000022,-14.761559999999998,0.18,-15.837654000000239,-18.641699999999993,0.06,-15.753712000000245
123,-15.801239999999996,0.18,-16.137754000000257,-18.922079999999998,0.06,-15.81356000000023,-16.961779999999997,0.14,-15.253756000000264,-15.281839999999999,0.16,-16.205478000000216,-16.0014,0.18,-16.777586000000223,-14.561939999999998,0.2,-15.677478000000221,-15.761979999999996,0.16,-16.846936000003012,-14.96152,0.2,-15.20978000000023,-12.4825,0.28,-16.04961600000022,-16.441359999999996,0.14,-15.70952400000022,-17.281719999999996,0.12,-15.837654000000239,-18.5213,0.08,-15.753712000000245
124,-15.64222,0.16,-16.137754000000257,-17.561739999999997,0.12,-15.81356000000023,-14.721659999999996,0.22,-15.253756000000264,-16.961599999999997,0.12,-16.205478000000216,-15.042299999999996,0.18,-16.777586000000223,-15.160959999999998,0.2,-15.677478000000221,-17.761199999999995,0.1,-16.846936000003012,-18.641099999999998,0.08,-15.20978000000023,-17.041919999999998,0.12,-16.04961600000022,-17.121339999999993,0.12,-15.70952400000022,-15.161439999999997,0.2,-15.837654000000239,-18.921579999999995,0.06,-15.753712000000245
125,-14.561979999999995,0.22,-16.137754000000257,-14.80144,0.2,-15.81356000000023,-17.200879999999998,0.12,-15.253756000000264,-14.761400000000004,0.18,-16.205478000000216,-17.961519999999997,0.08,-16.777586000000223,-16.842099999999995,0.14,-15.677478000000221,-18.082039999999996,0.08,-16.846936000003012,-16.5617,0.14,-15.20978000000023,-15.041459999999999,0.22,-16.04961600000022,-18.7217,0.06,-15.70952400000022,-18.441559999999996,0.08,-15.837654000000239,-14.961579999999996,0.16,-15.753712000000245
126,-16.441379999999995,0.14,-16.137754000000257,-16.761219999999998,0.12,-15.81356000000023,-16.44218,0.16,-15.253756000000264,-14.881599999999997,0.2,-16.205478000000216,-14.68184,0.2,-16.777586000000223,-17.602279999999997,0.1,-15.677478000000221,-16.841739999999994,0.12,-16.846936000003012,-15.961739999999997,0.16,-15.20978000000023,-18.482159999999997,0.08,-16.04961600000022,-15.76236,0.18,-15.70952400000022,-17.482079999999993,0.12,-15.837654000000239,-16.681619999999995,0.12,-15.753712000000245
127,-15.24166,0.18,-16.137754000000257,-17.921579999999995,0.08,-15.81356000000023,-15.641939999999995,0.18,-15.253756000000264,-19.121859999999998,0.04,-16.205478000000216,-14.121760000000002,0.2,-16.777586000000223,-14.201580000000002,0.22,-15.677478000000221,-14.001359999999998,0.22,-16.846936000003012,-15.6817,0.2,-15.20978000000023,-16.16172,0.14,-16.04961600000022,-18.44238,0.08,-15.70952400000022,-15.601120000000002,0.16,-15.837654000000239,-15.121599999999999,0.18,-15.753712000000245
128,-13.601679999999998,0.24,-16.137754000000257,-16.561959999999996,0.14,-15.81356000000023,-15.761840000000001,0.16,-15.253756000000264,-17.36168,0.12,-16.205478000000216,-14.92208,0.2,-16.777586000000223,-16.24156,0.14,-15.677478000000221,-16.441039999999997,0.14,-16.846936000003012,-14.84138,0.18,-15.20978000000023,-16.84116,0.12,-16.04961600000022,-16.96138,0.12,-15.70952400000022,-13.76156,0.24,-15.837654000000239,-15.16156,0.2,-15.753712000000245
129,-15.521979999999994,0.18,-16.137754000000257,-16.401500000000002,0.14,-15.81356000000023,-16.201799999999995,0.16,-15.253756000000264,-15.32158,0.18,-16.205478000000216,-14.80204,0.22,-16.777586000000223,-16.00164,0.14,-15.677478000000221,-16.682059999999996,0.12,-16.846936000003012,-14.522059999999996,0.22,-15.20978000000023,-15.201699999999999,0.18,-16.04961600000022,-16.48228,0.14,-15.70952400000022,-15.64204,0.18,-15.837654000000239,-16.081759999999996,0.16,-15.753712000000245
130,-15.16196,0.2,-16.137754000000257,-15.841379999999994,0.16,-15.81356000000023,-15.881920000000001,0.16,-15.253756000000264,-14.442299999999998,0.2,-16.205478000000216,-16.16158,0.16,-16.777586000000223,-15.68226,0.18,-15.677478000000221,-18.242199999999997,0.08,-16.846936000003012,-18.20204,0.08,-15.20978000000023,-14.761959999999998,0.2,-16.04961600000022,-15.561559999999993,0.18,-15.70952400000022,-15.60174,0.18,-15.837654000000239,-17.961339999999996,0.08,-15.753712000000245
131,-17.88156,0.1,-16.137754000000257,-13.801680000000001,0.24,-15.81356000000023,-17.882119999999997,0.1,-15.253756000000264,-16.44248,0.14,-16.205478000000216,-16.042019999999997,0.14,-16.777586000000223,-17.16096,0.12,-15.677478000000221,-14.602259999999996,0.22,-16.846936000003012,-17.881939999999997,0.1,-15.20978000000023,-16.801779999999997,0.12,-16.04961600000022,-11.521759999999997,0.3,-15.70952400000022,-15.881559999999997,0.16,-15.837654000000239,-16.1617,0.16,-15.753712000000245
132,-16.48196,0.14,-16.137754000000257,-17.241860000000003,0.1,-15.81356000000023,-16.001459999999998,0.16,-15.253756000000264,-17.521559999999997,0.1,-16.205478000000216,-14.922059999999998,0.2,-16.777586000000223,-16.081179999999996,0.16,-15.677478000000221,-16.081819999999993,0.16,-16.846936000003012,-17.08129999999999,0.14,-15.20978000000023,-17.761579999999995,0.08,-16.04961600000022,-17.441459999999996,0.12,-15.70952400000022,-17.92154,0.08,-15.837654000000239,-16.16152,0.16,-15.753712000000245
133,-19.96106,0.02,-16.137754000000257,-15.321339999999996,0.18,-15.81356000000023,-15.48148,0.18,-15.253756000000264,-16.281399999999998,0.16,-16.205478000000216,-16.28182,0.16,-16.777586000000223,-15.92154,0.18,-15.677478000000221,-15.681879999999996,0.16,-16.846936000003012,-17.081459999999996,0.12,-15.20978000000023,-14.881480000000002,0.2,-16.04961600000022,-13.682739999999999,0.22,-15.70952400000022,-15.961199999999996,0.16,-15.837654000000239,-14.161839999999998,0.22,-15.753712000000245
134,-15.161499999999997,0.22,-16.137754000000257,-17.921099999999996,0.08,-15.81356000000023,-13.161699999999996,0.24,-15.253756000000264,-17.48182,0.12,-16.205478000000216,-16.56104,0.12,-16.777586000000223,-16.36174,0.16,-15.677478000000221,-13.201559999999997,0.28,-16.846936000003012,-14.481939999999994,0.22,-15.20978000000023,-16.641640000000002,0.14,-16.04961600000022,-19.44164,0.04,-15.70952400000022,-13.442179999999993,0.26,-15.837654000000239,-16.76128,0.14,-15.753712000000245
135,-18.001699999999996,0.1,-16.137754000000257,-15.441839999999997,0.18,-15.81356000000023,-15.241979999999996,0.2,-15.253756000000264,-17.24183999999999,0.12,-16.205478000000216,-18.401920000000004,0.08,-16.777586000000223,-15.321939999999993,0.16,-15.677478000000221,-16.362119999999997,0.16,-16.846936000003012,-12.441859999999997,0.26,-15.20978000000023,-18.96166,0.06,-16.04961600000022,-17.921779999999995,0.1,-15.70952400000022,-14.88172,0.18,-15.837654000000239,-14.641899999999996,0.22,-15.753712000000245
136,-14.561799999999996,0.2,-16.137754000000257,-15.8014,0.16,-15.81356000000023,-17.641039999999997,0.12,-15.253756000000264,-15.921779999999991,0.16,-16.205478000000216,-16.001379999999997,0.16,-16.777586000000223,-15.601499999999998,0.18,-15.677478000000221,-16.362139999999993,0.16,-16.846936000003012,-14.841859999999997,0.2,-15.20978000000023,-14.801479999999996,0.2,-16.04961600000022,-16.001599999999996,0.16,-15.70952400000022,-16.601580000000002,0.16,-15.837654000000239,-14.641819999999996,0.22,-15.753712000000245
137,-15.121500000000001,0.18,-16.137754000000257,-16.561679999999996,0.14,-15.81356000000023,-13.882039999999996,0.24,-15.253756000000264,-15.321779999999999,0.18,-16.205478000000216,-18.442439999999994,0.08,-16.777586000000223,-16.76184,0.14,-15.677478000000221,-15.921759999999995,0.16,-16.846936000003012,-14.961079999999999,0.18,-15.20978000000023,-16.202060000000003,0.16,-16.04961600000022,-16.442059999999998,0.16,-15.70952400000022,-16.922119999999993,0.14,-15.837654000000239,-16.081799999999994,0.16,-15.753712000000245
138,-16.521659999999997,0.14,-16.137754000000257,-15.201779999999994,0.2,-15.81356000000023,-16.92186,0.12,-15.253756000000264,-17.041399999999996,0.12,-16.205478000000216,-15.8019,0.14,-16.777586000000223,-15.921479999999999,0.16,-15.677478000000221,-13.162419999999997,0.28,-16.846936000003012,-14.881699999999997,0.2,-15.20978000000023,-16.56226,0.14,-16.04961600000022,-14.801979999999997,0.2,-15.70952400000022,-16.762020000000003,0.14,-15.837654000000239,-16.36188,0.14,-15.753712000000245
139,-15.921619999999997,0.16,-16.137754000000257,-16.52198,0.14,-15.81356000000023,-14.562039999999994,0.22,-15.253756000000264,-17.401979999999995,0.12,-16.205478000000216,-14.441479999999999,0.2,-16.777586000000223,-13.8819,0.24,-15.677478000000221,-15.681880000000001,0.18,-16.846936000003012,-17.121719999999996,0.12,-15.20978000000023,-13.601679999999995,0.22,-16.04961600000022,-16.961599999999994,0.12,-15.70952400000022,-17.722019999999997,0.1,-15.837654000000239,-16.761919999999996,0.12,-15.753712000000245
140,-14.92184,0.2,-16.137754000000257,-16.042119999999997,0.14,-15.81356000000023,-14.921279999999998,0.18,-15.253756000000264,-18.20106,0.08,-16.205478000000216,-14.681659999999999,0.2,-16.777586000000223,-14.802099999999996,0.18,-15.677478000000221,-17.0016,0.12,-16.846936000003012,-14.922179999999994,0.2,-15.20978000000023,-16.64198,0.14,-16.04961600000022,-18.36222,0.08,-15.70952400000022,-17.1217,0.14,-15.837654000000239,-14.082259999999998,0.22,-15.753712000000245
141,-15.681539999999995,0.18,-16.137754000000257,-13.601479999999997,0.24,-15.81356000000023,-16.202239999999996,0.16,-15.253756000000264,-16.28222,0.14,-16.205478000000216,-15.961799999999993,0.16,-16.777586000000223,-16.68128,0.14,-15.677478000000221,-16.241459999999996,0.14,-16.846936000003012,-14.561179999999997,0.22,-15.20978000000023,-16.801799999999993,0.14,-16.04961600000022,-16.041179999999997,0.14,-15.70952400000022,-16.481479999999998,0.14,-15.837654000000239,-16.122259999999997,0.16,-15.753712000000245
142,-15.081379999999998,0.2,-16.137754000000257,-16.441439999999997,0.16,-15.81356000000023,-18.32134,0.08,-15.253756000000264,-17.641479999999998,0.1,-16.205478000000216,-15.641300000000001,0.18,-16.777586000000223,-16.481339999999996,0.14,-15.677478000000221,-15.203539999999993,0.2,-16.846936000003012,-15.72232,0.16,-15.20978000000023,-15.081600000000002,0.18,-16.04961600000022,-16.041399999999996,0.16,-15.70952400000022,-14.28132,0.22,-15.837654000000239,-15.04166,0.18,-15.753712000000245
143,-15.361719999999998,0.18,-16.137754000000257,-17.401560000000003,0.1,-15.81356000000023,-16.52182,0.14,-15.253756000000264,-18.00218,0.1,-16.205478000000216,-13.241679999999997,0.24,-16.777586000000223,-17.00184,0.12,-15.677478000000221,-16.002219999999998,0.18,-16.846936000003012,-15.72198,0.16,-15.20978000000023,-17.042219999999997,0.12,-16.04961600000022,-16.001399999999997,0.16,-15.70952400000022,-16.801559999999995,0.14,-15.837654000000239,-16.68194,0.14,-15.753712000000245
144,-12.561799999999996,0.26,-16.137754000000257,-15.842059999999998,0.16,-15.81356000000023,-18.24176,0.08,-15.253756000000264,-15.481239999999998,0.18,-16.205478000000216,-15.841499999999998,0.18,-16.777586000000223,-18.921120000000002,0.06,-15.677478000000221,-13.122239999999998,0.24,-16.846936000003012,-14.60136,0.2,-15.20978000000023,-13.882319999999995,0.22,-16.04961600000022,-13.121339999999998,0.26,-15.70952400000022,-16.122,0.16,-15.837654000000239,-17.681679999999997,0.1,-15.753712000000245
145,-15.841400000000004,0.16,-16.137754000000257,-13.401419999999998,0.26,-15.81356000000023,-16.00136,0.14,-15.253756000000264,-13.922399999999998,0.24,-16.205478000000216,-17.722140000000003,0.1,-16.777586000000223,-16.6017,0.14,-15.677478000000221,-15.121859999999996,0.18,-16.846936000003012,-16.402099999999997,0.16,-15.20978000000023,-15.641799999999998,0.18,-16.04961600000022,-16.76252,0.14,-15.70952400000022,-15.602359999999992,0.18,-15.837654000000239,-15.64102,0.18,-15.753712000000245
146,-16.521079999999994,0.14,-16.137754000000257,-16.921879999999998,0.14,-15.81356000000023,-16.441319999999997,0.14,-15.253756000000264,-16.641059999999992,0.16,-16.205478000000216,-16.8814,0.14,-16.777586000000223,-14.281559999999997,0.22,-15.677478000000221,-14.961859999999996,0.2,-16.846936000003012,-15.281740000000003,0.18,-15.20978000000023,-16.121219999999997,0.16,-16.04961600000022,-11.922059999999997,0.32,-15.70952400000022,-16.88196,0.12,-15.837654000000239,-15.761419999999996,0.16,-15.753712000000245
147,-15.681399999999996,0.18,-16.137754000000257,-15.641539999999997,0.18,-15.81356000000023,-15.36134,0.16,-15.253756000000264,-16.88152,0.14,-16.205478000000216,-16.202059999999996,0.16,-16.777586000000223,-16.16164,0.16,-15.677478000000221,-13.201739999999997,0.24,-16.846936000003012,-16.041560000000004,0.16,-15.20978000000023,-15.88226,0.16,-16.04961600000022,-14.081579999999999,0.24,-15.70952400000022,-17.08112,0.12,-15.837654000000239,-15.842,0.18,-15.753712000000245
148,-16.8018,0.14,-16.137754000000257,-15.121679999999994,0.2,-15.81356000000023,-17.522139999999997,0.1,-15.253756000000264,-13.721459999999997,0.24,-16.205478000000216,-15.841579999999999,0.16,-16.777586000000223,-13.8014,0.24,-15.677478000000221,-16.3616,0.14,-16.846936000003012,-14.081019999999999,0.24,-15.20978000000023,-13.681439999999998,0.22,-16.04961600000022,-14.361279999999997,0.22,-15.70952400000022,-18.12248,0.08,-15.837654000000239,-16.721960000000003,0.12,-15.753712000000245
149,-17.241799999999998,0.1,-16.137754000000257,-15.722119999999995,0.18,-15.81356000000023,-15.4416,0.18,-15.253756000000264,-17.642099999999992,0.1,-16.205478000000216,-16.201459999999997,0.14,-16.777586000000223,-16.400819999999996,0.16,-15.677478000000221,-15.841739999999993,0.16,-16.846936000003012,-15.801719999999994,0.16,-15.20978000000023,-17.801759999999994,0.1,-16.04961600000022,-17.441919999999996,0.12,-15.70952400000022,-15.121319999999995,0.2,-15.837654000000239,-15.041079999999996,0.2,-15.753712000000245
150,-15.52144,0.18,-16.137754000000257,-17.641879999999997,0.1,-15.81356000000023,-16.5215,0.14,-15.253756000000264,-18.76129999999999,0.06,-16.205478000000216,-14.921479999999999,0.2,-16.777586000000223,-17.36112,0.12,-15.677478000000221,-17.201679999999996,0.12,-16.846936000003012,-14.201319999999999,0.22,-15.20978000000023,-17.521900000000002,0.1,-16.04961600000022,-15.961759999999996,0.16,-15.70952400000022,-17.40166,0.12,-15.837654000000239,-17.241579999999995,0.12,-15.753712000000245
151,-15.321559999999993,0.18,-16.137754000000257,-15.281439999999993,0.18,-15.81356000000023,-14.001939999999996,0.24,-15.253756000000264,-15.72164,0.18,-16.205478000000216,-15.801519999999996,0.18,-16.777586000000223,-17.84188,0.1,-15.677478000000221,-16.801159999999996,0.14,-16.846936000003012,-18.841479999999994,0.06,-15.20978000000023,-15.68208,0.16,-16.04961600000022,-16.762159999999994,0.12,-15.70952400000022,-15.601399999999998,0.16,-15.837654000000239,-18.841620000000002,0.06,-15.753712000000245
152,-14.482239999999997,0.2,-16.137754000000257,-17.721739999999997,0.1,-15.81356000000023,-15.001879999999996,0.2,-15.253756000000264,-13.96152,0.22,-16.205478000000216,-14.64164,0.22,-16.777586000000223,-15.601899999999999,0.18,-15.677478000000221,-15.081239999999998,0.2,-16.846936000003012,-17.52132,0.1,-15.20978000000023,-17.20202,0.12,-16.04961600000022,-15.642319999999991,0.18,-15.70952400000022,-15.121739999999996,0.2,-15.837654000000239,-16.32132,0.14,-15.753712000000245
153,-15.961439999999993,0.16,-16.137754000000257,-17.322059999999993,0.12,-15.81356000000023,-16.80194,0.14,-15.253756000000264,-14.721999999999998,0.22,-16.205478000000216,-15.121799999999999,0.18,-16.777586000000223,-16.042499999999997,0.16,-15.677478000000221,-15.441919999999998,0.18,-16.846936000003012,-16.6024,0.14,-15.20978000000023,-17.64174,0.1,-16.04961600000022,-17.242319999999996,0.12,-15.70952400000022,-16.202379999999994,0.14,-15.837654000000239,-17.841419999999996,0.08,-15.753712000000245
154,-15.601519999999999,0.18,-16.137754000000257,-14.642639999999998,0.18,-15.81356000000023,-16.081919999999997,0.16,-15.253756000000264,-16.48202,0.12,-16.205478000000216,-17.9213,0.1,-16.777586000000223,-16.84174,0.14,-15.677478000000221,-16.081419999999994,0.16,-16.846936000003012,-15.081180000000002,0.2,-15.20978000000023,-14.76162,0.2,-16.04961600000022,-17.842399999999994,0.1,-15.70952400000022,-17.401560000000003,0.12,-15.837654000000239,-17.12176,0.12,-15.753712000000245
155,-19.28128,0.04,-16.137754000000257,-14.721760000000002,0.2,-15.81356000000023,-16.081539999999997,0.16,-15.253756000000264,-16.96158,0.14,-16.205478000000216,-17.241819999999997,0.12,-16.777586000000223,-16.64184,0.16,-15.677478000000221,-16.48142,0.14,-16.846936000003012,-16.761899999999997,0.14,-15.20978000000023,-17.082199999999997,0.12,-16.04961600000022,-15.241619999999998,0.2,-15.70952400000022,-16.281979999999997,0.16,-15.837654000000239,-16.682180000000002,0.14,-15.753712000000245
156,-15.32182,0.18,-16.137754000000257,-17.802459999999993,0.1,-15.81356000000023,-16.162459999999996,0.16,-15.253756000000264,-15.962099999999998,0.16,-16.205478000000216,-16.481619999999996,0.16,-16.777586000000223,-13.72174,0.24,-15.677478000000221,-16.841579999999997,0.14,-16.846936000003012,-17.241519999999994,0.1,-15.20978000000023,-17.001979999999996,0.12,-16.04961600000022,-16.481399999999997,0.14,-15.70952400000022,-17.761079999999996,0.1,-15.837654000000239,-14.601859999999997,0.18,-15.753712000000245
157,-14.00122,0.24,-16.137754000000257,-17.5218,0.12,-15.81356000000023,-16.481579999999997,0.16,-15.253756000000264,-14.401699999999998,0.22,-16.205478000000216,-15.362239999999996,0.18,-16.777586000000223,-16.641679999999997,0.14,-15.677478000000221,-18.801359999999995,0.06,-16.846936000003012,-17.52178,0.1,-15.20978000000023,-17.72178,0.1,-16.04961600000022,-17.00176,0.14,-15.70952400000022,-16.441559999999996,0.16,-15.837654000000239,-16.081780000000002,0.14,-15.753712000000245
158,-15.802219999999998,0.16,-16.137754000000257,-16.041379999999993,0.16,-15.81356000000023,-16.56196,0.14,-15.253756000000264,-17.681979999999996,0.12,-16.205478000000216,-14.201299999999994,0.22,-16.777586000000223,-14.80236,0.22,-15.677478000000221,-14.801839999999995,0.2,-16.846936000003012,-16.281459999999992,0.14,-15.20978000000023,-18.241759999999996,0.06,-16.04961600000022,-16.12138,0.16,-15.70952400000022,-15.881539999999998,0.16,-15.837654000000239,-16.48188,0.14,-15.753712000000245
159,-16.641499999999997,0.14,-16.137754000000257,-17.28176,0.12,-15.81356000000023,-16.761239999999997,0.14,-15.253756000000264,-16.641659999999995,0.12,-16.205478000000216,-17.52166,0.12,-16.777586000000223,-16.762179999999997,0.14,-15.677478000000221,-15.961259999999996,0.18,-16.846936000003012,-16.521839999999997,0.16,-15.20978000000023,-17.041819999999998,0.12,-16.04961600000022,-16.921499999999995,0.12,-15.70952400000022,-15.401879999999997,0.18,-15.837654000000239,-16.481579999999994,0.14,-15.753712000000245
160,-13.08158,0.24,-16.137754000000257,-18.76116,0.06,-15.81356000000023,-16.641679999999994,0.14,-15.253756000000264,-16.80136,0.14,-16.205478000000216,-12.76148,0.26,-16.777586000000223,-17.92178,0.1,-15.677478000000221,-14.921659999999996,0.2,-16.846936000003012,-15.722179999999998,0.16,-15.20978000000023,-17.841259999999995,0.08,-16.04961600000022,-15.28154,0.2,-15.70952400000022,-18.240799999999993,0.08,-15.837654000000239,-16.802079999999997,0.14,-15.753712000000245
161,-18.201339999999995,0.08,-16.137754000000257,-13.361720000000002,0.26,-15.81356000000023,-16.562140000000003,0.14,-15.253756000000264,-16.081879999999998,0.14,-16.205478000000216,-14.241579999999997,0.24,-16.777586000000223,-17.921679999999995,0.1,-15.677478000000221,-14.402140000000001,0.2,-16.846936000003012,-14.921859999999995,0.2,-15.20978000000023,-16.28182,0.14,-16.04961600000022,-16.68194,0.14,-15.70952400000022,-16.28132,0.14,-15.837654000000239,-13.801939999999997,0.24,-15.753712000000245
162,-14.68242,0.2,-16.137754000000257,-14.562099999999997,0.24,-15.81356000000023,-17.601639999999996,0.1,-15.253756000000264,-16.402519999999996,0.14,-16.205478000000216,-16.641479999999998,0.14,-16.777586000000223,-16.96204,0.14,-15.677478000000221,-13.0417,0.26,-16.846936000003012,-16.08148,0.16,-15.20978000000023,-12.762199999999998,0.28,-16.04961600000022,-12.961379999999997,0.26,-15.70952400000022,-19.681779999999996,0.02,-15.837654000000239,-17.721519999999995,0.1,-15.753712000000245
163,-16.48152,0.14,-16.137754000000257,-15.841039999999998,0.18,-15.81356000000023,-16.64162,0.14,-15.253756000000264,-17.2815,0.12,-16.205478000000216,-16.402219999999993,0.16,-16.777586000000223,-15.881299999999996,0.16,-15.677478000000221,-16.16154,0.16,-16.846936000003012,-14.282360000000004,0.22,-15.20978000000023,-16.042059999999996,0.16,-16.04961600000022,-15.562079999999998,0.18,-15.70952400000022,-14.881239999999998,0.22,-15.837654000000239,-16.921839999999996,0.14,-15.753712000000245
164,-17.64222,0.1,-16.137754000000257,-14.642299999999995,0.2,-15.81356000000023,-14.88126,0.22,-15.253756000000264,-14.44174,0.2,-16.205478000000216,-16.881859999999996,0.14,-16.777586000000223,-15.322339999999997,0.2,-15.677478000000221,-15.36352,0.18,-16.846936000003012,-17.841639999999998,0.1,-15.20978000000023,-14.602139999999999,0.2,-16.04961600000022,-16.481519999999993,0.14,-15.70952400000022,-17.80164,0.08,-15.837654000000239,-14.52192,0.2,-15.753712000000245
165,-13.44206,0.24,-16.137754000000257,-16.32172,0.14,-15.81356000000023,-16.002699999999994,0.16,-15.253756000000264,-18.16162,0.08,-16.205478000000216,-15.442079999999997,0.18,-16.777586000000223,-15.201699999999995,0.2,-15.677478000000221,-16.481499999999997,0.16,-16.846936000003012,-15.001499999999997,0.2,-15.20978000000023,-15.721039999999999,0.16,-16.04961600000022,-16.881420000000002,0.12,-15.70952400000022,-14.682219999999996,0.22,-15.837654000000239,-14.361799999999995,0.2,-15.753712000000245
166,-17.441399999999998,0.12,-16.137754000000257,-15.601779999999994,0.16,-15.81356000000023,-16.64228,0.12,-15.253756000000264,-17.56164,0.12,-16.205478000000216,-15.601499999999998,0.18,-16.777586000000223,-13.322439999999997,0.22,-15.677478000000221,-14.441940000000002,0.22,-16.846936000003012,-15.321540000000002,0.2,-15.20978000000023,-17.002139999999997,0.12,-16.04961600000022,-14.801639999999994,0.2,-15.70952400000022,-18.40182,0.08,-15.837654000000239,-17.761499999999998,0.1,-15.753712000000245
167,-16.842159999999996,0.14,-16.137754000000257,-16.401099999999996,0.16,-15.81356000000023,-13.921599999999998,0.22,-15.253756000000264,-13.961919999999996,0.22,-16.205478000000216,-16.52146,0.14,-16.777586000000223,-15.92156,0.16,-15.677478000000221,-18.6955,0.06,-16.846936000003012,-18.121639999999992,0.1,-15.20978000000023,-16.081939999999992,0.18,-16.04961600000022,-15.162059999999999,0.18,-15.70952400000022,-15.721719999999994,0.16,-15.837654000000239,-17.521179999999994,0.12,-15.753712000000245
168,-14.721559999999995,0.2,-16.137754000000257,-16.601679999999998,0.14,-15.81356000000023,-16.561799999999998,0.14,-15.253756000000264,-18.32154,0.08,-16.205478000000216,-15.401760000000001,0.22,-16.777586000000223,-16.8407,0.12,-15.677478000000221,-19.970019999999998,0.02,-16.846936000003012,-16.801379999999998,0.12,-15.20978000000023,-14.761439999999999,0.2,-16.04961600000022,-16.161459999999998,0.16,-15.70952400000022,-13.92222,0.22,-15.837654000000239,-15.722259999999999,0.16,-15.753712000000245
169,-16.721119999999996,0.14,-16.137754000000257,-15.72156,0.16,-15.81356000000023,-14.481759999999998,0.2,-15.253756000000264,-15.161159999999995,0.18,-16.205478000000216,-14.242079999999996,0.24,-16.777586000000223,-17.081639999999997,0.12,-15.677478000000221,-16.47514,0.14,-16.846936000003012,-14.681579999999997,0.2,-15.20978000000023,-17.201979999999995,0.12,-16.04961600000022,-17.88178,0.1,-15.70952400000022,-16.561580000000003,0.14,-15.837654000000239,-17.601660000000003,0.12,-15.753712000000245
170,-16.761699999999998,0.12,-16.137754000000257,-17.601819999999996,0.1,-15.81356000000023,-16.482020000000002,0.12,-15.253756000000264,-17.001359999999995,0.12,-16.205478000000216,-13.641619999999998,0.26,-16.777586000000223,-15.80194,0.16,-15.677478000000221,-17.375539999999997,0.1,-16.846936000003012,-13.962179999999998,0.22,-15.20978000000023,-16.081579999999995,0.14,-16.04961600000022,-14.80222,0.22,-15.70952400000022,-16.401639999999997,0.14,-15.837654000000239,-13.722479999999996,0.26,-15.753712000000245
171,-13.121659999999999,0.26,-16.137754000000257,-18.241419999999998,0.08,-15.81356000000023,-16.1621,0.16,-15.253756000000264,-16.881139999999995,0.12,-16.205478000000216,-17.24174,0.12,-16.777586000000223,-13.601279999999997,0.24,-15.677478000000221,-18.28858,0.08,-16.846936000003012,-14.762059999999996,0.2,-15.20978000000023,-18.40166,0.08,-16.04961600000022,-16.921839999999996,0.12,-15.70952400000022,-17.60151999999999,0.1,-15.837654000000239,-17.2418,0.12,-15.753712000000245
172,-14.640979999999997,0.22,-16.137754000000257,-14.681439999999995,0.22,-15.81356000000023,-17.121519999999997,0.1,-15.253756000000264,-15.641619999999998,0.18,-16.205478000000216,-15.161599999999998,0.18,-16.777586000000223,-12.96148,0.26,-15.677478000000221,-15.60348,0.18,-16.846936000003012,-15.001639999999998,0.2,-15.20978000000023,-17.04198,0.12,-16.04961600000022,-14.322440000000002,0.22,-15.70952400000022,-16.401619999999998,0.14,-15.837654000000239,-16.842039999999994,0.14,-15.753712000000245
173,-17.241,0.12,-16.137754000000257,-14.241159999999997,0.22,-15.81356000000023,-17.68168,0.08,-15.253756000000264,-16.121619999999993,0.14,-16.205478000000216,-16.32172,0.16,-16.777586000000223,-14.68212,0.22,-15.677478000000221,-18.05022,0.08,-16.846936000003012,-18.36118,0.08,-15.20978000000023,-16.201579999999993,0.16,-16.04961600000022,-18.321879999999997,0.08,-15.70952400000022,-14.36188,0.2,-15.837654000000239,-16.80178,0.14,-15.753712000000245
174,-17.5218,0.1,-16.137754000000257,-16.841359999999998,0.14,-15.81356000000023,-17.20196,0.12,-15.253756000000264,-16.201919999999994,0.14,-16.205478000000216,-16.761699999999998,0.14,-16.777586000000223,-14.08156,0.22,-15.677478000000221,-18.311600000000002,0.08,-16.846936000003012,-14.721839999999995,0.2,-15.20978000000023,-16.4816,0.16,-16.04961600000022,-18.000819999999994,0.1,-15.70952400000022,-16.521559999999997,0.14,-15.837654000000239,-16.12118,0.16,-15.753712000000245
175,-17.161959999999997,0.12,-16.137754000000257,-17.2014,0.1,-15.81356000000023,-17.521779999999993,0.1,-15.253756000000264,-17.401619999999994,0.12,-16.205478000000216,-17.6419,0.1,-16.777586000000223,-18.16112,0.08,-15.677478000000221,-16.462760000000003,0.14,-16.846936000003012,-15.20194,0.18,-15.20978000000023,-17.162119999999998,0.12,-16.04961600000022,-17.721559999999997,0.1,-15.70952400000022,-14.762019999999996,0.2,-15.837654000000239,-16.56184,0.14,-15.753712000000245
176,-15.161919999999999,0.18,-16.137754000000257,-14.401259999999997,0.22,-15.81356000000023,-16.561919999999997,0.14,-15.253756000000264,-16.76192,0.12,-16.205478000000216,-16.001459999999994,0.16,-16.777586000000223,-18.20196,0.08,-15.677478000000221,-15.73324,0.16,-16.846936000003012,-17.041520000000002,0.14,-15.20978000000023,-16.84104,0.12,-16.04961600000022,-16.241399999999995,0.16,-15.70952400000022,-16.601379999999995,0.14,-15.837654000000239,-18.961519999999997,0.06,-15.753712000000245
177,-14.72174,0.2,-16.137754000000257,-15.042019999999997,0.18,-15.81356000000023,-12.962019999999997,0.26,-15.253756000000264,-16.441,0.14,-16.205478000000216,-18.201379999999997,0.08,-16.777586000000223,-18.52151999999999,0.08,-15.677478000000221,-17.342460000000003,0.1,-16.846936000003012,-13.64232,0.26,-15.20978000000023,-13.56166,0.22,-16.04961600000022,-17.08206,0.12,-15.70952400000022,-16.641560000000005,0.14,-15.837654000000239,-18.961679999999998,0.04,-15.753712000000245
178,-15.002299999999998,0.2,-16.137754000000257,-15.322099999999995,0.18,-15.81356000000023,-12.721039999999999,0.28,-15.253756000000264,-17.241899999999998,0.12,-16.205478000000216,-18.561459999999997,0.08,-16.777586000000223,-15.68184,0.16,-15.677478000000221,-14.700479999999995,0.2,-16.846936000003012,-17.482139999999998,0.1,-15.20978000000023,-16.56182,0.14,-16.04961600000022,-14.362259999999997,0.22,-15.70952400000022,-15.12212,0.18,-15.837654000000239,-16.32148,0.14,-15.753712000000245
179,-18.2815,0.08,-16.137754000000257,-14.441479999999997,0.2,-15.81356000000023,-16.52144,0.14,-15.253756000000264,-17.04132,0.14,-16.205478000000216,-18.961539999999996,0.06,-16.777586000000223,-18.200919999999993,0.08,-15.677478000000221,-16.660780000000003,0.12,-16.846936000003012,-18.2414,0.08,-15.20978000000023,-16.3613,0.16,-16.04961600000022,-16.761499999999998,0.12,-15.70952400000022,-17.881739999999997,0.1,-15.837654000000239,-16.722340000000003,0.12,-15.753712000000245
180,-15.362519999999995,0.18,-16.137754000000257,-17.04206,0.12,-15.81356000000023,-16.68154,0.14,-15.253756000000264,-15.801559999999995,0.14,-16.205478000000216,-12.161879999999995,0.28,-16.777586000000223,-15.721519999999998,0.16,-15.677478000000221,-17.22964,0.12,-16.846936000003012,-14.68208,0.22,-15.20978000000023,-16.64174,0.14,-16.04961600000022,-16.76184,0.14,-15.70952400000022,-14.161379999999998,0.2,-15.837654000000239,-16.242019999999997,0.16,-15.753712000000245
181,-15.122300000000003,0.22,-16.137754000000257,-14.481319999999997,0.22,-15.81356000000023,-17.32244,0.12,-15.253756000000264,-16.242060000000002,0.14,-16.205478000000216,-13.921859999999999,0.22,-16.777586000000223,-17.32134,0.12,-15.677478000000221,-18.58258,0.08,-16.846936000003012,-15.041819999999998,0.18,-15.20978000000023,-15.281419999999999,0.18,-16.04961600000022,-16.121619999999993,0.16,-15.70952400000022,-15.841199999999999,0.16,-15.837654000000239,-17.001839999999998,0.14,-15.753712000000245
182,-17.481719999999992,0.1,-16.137754000000257,-14.401079999999995,0.2,-15.81356000000023,-16.20162,0.14,-15.253756000000264,-15.361639999999996,0.2,-16.205478000000216,-16.641819999999996,0.14,-16.777586000000223,-16.36162,0.16,-15.677478000000221,-16.937399999999997,0.14,-16.846936000003012,-14.161359999999995,0.24,-15.20978000000023,-14.56138,0.18,-16.04961600000022,-17.562179999999998,0.12,-15.70952400000022,-17.08112,0.12,-15.837654000000239,-13.041719999999998,0.26,-15.753712000000245
183,-15.96158,0.14,-16.137754000000257,-18.961479999999998,0.06,-15.81356000000023,-16.9216,0.12,-15.253756000000264,-18.201959999999996,0.08,-16.205478000000216,-14.961979999999993,0.2,-16.777586000000223,-14.241999999999997,0.22,-15.677478000000221,-18.949579999999997,0.06,-16.846936000003012,-16.762179999999997,0.12,-15.20978000000023,-17.721399999999996,0.1,-16.04961600000022,-15.281959999999996,0.18,-15.70952400000022,-16.2418,0.14,-15.837654000000239,-17.60196,0.1,-15.753712000000245
184,-16.2421,0.14,-16.137754000000257,-17.961940000000002,0.1,-15.81356000000023,-15.721459999999997,0.18,-15.253756000000264,-15.361919999999998,0.18,-16.205478000000216,-16.32218,0.16,-16.777586000000223,-17.121699999999997,0.1,-15.677478000000221,-18.184240000000003,0.08,-16.846936000003012,-16.60138,0.14,-15.20978000000023,-17.202379999999994,0.12,-16.04961600000022,-16.40252,0.14,-15.70952400000022,-18.921239999999997,0.06,-15.837654000000239,-17.48188,0.12,-15.753712000000245
185,-14.80206,0.18,-16.137754000000257,-15.041539999999996,0.2,-15.81356000000023,-16.001579999999997,0.16,-15.253756000000264,-16.16158,0.16,-16.205478000000216,-18.081759999999996,0.08,-16.777586000000223,-16.761560000000003,0.12,-15.677478000000221,-16.58064,0.14,-16.846936000003012,-16.041699999999995,0.16,-15.20978000000023,-18.042039999999997,0.08,-16.04961600000022,-16.361399999999996,0.16,-15.70952400000022,-15.041619999999996,0.2,-15.837654000000239,-18.921099999999996,0.06,-15.753712000000245
186,-14.84098,0.2,-16.137754000000257,-18.321759999999994,0.08,-15.81356000000023,-17.52254,0.12,-15.253756000000264,-14.761439999999999,0.2,-16.205478000000216,-17.52172,0.1,-16.777586000000223,-16.84178,0.14,-15.677478000000221,-18.262620000000002,0.08,-16.846936000003012,-16.401200000000003,0.16,-15.20978000000023,-17.201620000000002,0.1,-16.04961600000022,-16.121539999999996,0.16,-15.70952400000022,-17.681799999999996,0.08,-15.837654000000239,-16.041619999999995,0.14,-15.753712000000245
187,-11.441439999999998,0.32,-16.137754000000257,-17.041240000000002,0.12,-15.81356000000023,-15.521539999999993,0.18,-15.253756000000264,-16.721539999999994,0.14,-16.205478000000216,-16.681479999999993,0.14,-16.777586000000223,-16.04118,0.16,-15.677478000000221,-16.019259999999996,0.16,-16.846936000003012,-14.281839999999995,0.2,-15.20978000000023,-16.402099999999994,0.14,-16.04961600000022,-15.361839999999994,0.18,-15.70952400000022,-18.241559999999996,0.08,-15.837654000000239,-15.641659999999995,0.18,-15.753712000000245
188,-17.6815,0.08,-16.137754000000257,-14.96196,0.18,-15.81356000000023,-16.961759999999998,0.14,-15.253756000000264,-14.641579999999998,0.2,-16.205478000000216,-16.00174,0.16,-16.777586000000223,-16.001359999999995,0.16,-15.677478000000221,-18.528,0.08,-16.846936000003012,-15.121839999999999,0.2,-15.20978000000023,-16.322260000000004,0.14,-16.04961600000022,-18.001959999999993,0.08,-15.70952400000022,-17.361839999999994,0.12,-15.837654000000239,-15.721819999999994,0.16,-15.753712000000245
189,-16.761439999999997,0.14,-16.137754000000257,-13.921960000000002,0.22,-15.81356000000023,-14.881499999999999,0.2,-15.253756000000264,-18.482059999999997,0.08,-16.205478000000216,-16.002380000000002,0.18,-16.777586000000223,-14.722119999999997,0.22,-15.677478000000221,-16.691740000000003,0.14,-16.846936000003012,-15.641819999999997,0.18,-15.20978000000023,-16.44212,0.14,-16.04961600000022,-14.36186,0.2,-15.70952400000022,-17.00188,0.12,-15.837654000000239,-19.401979999999995,0.04,-15.753712000000245
190,-18.0018,0.1,-16.137754000000257,-17.16168,0.12,-15.81356000000023,-17.92178,0.1,-15.253756000000264,-13.681779999999998,0.24,-16.205478000000216,-17.201979999999995,0.12,-16.777586000000223,-18.481699999999996,0.08,-15.677478000000221,-18.18234,0.08,-16.846936000003012,-17.2018,0.12,-15.20978000000023,-16.72174,0.12,-16.04961600000022,-16.362379999999995,0.16,-15.70952400000022,-14.961619999999998,0.2,-15.837654000000239,-17.042139999999996,0.12,-15.753712000000245
191,-13.441619999999995,0.26,-16.137754000000257,-16.241659999999992,0.14,-15.81356000000023,-16.241699999999998,0.16,-15.253756000000264,-14.6822,0.2,-16.205478000000216,-17.281599999999997,0.1,-16.777586000000223,-17.64142,0.1,-15.677478000000221,-17.269520000000004,0.12,-16.846936000003012,-15.001999999999999,0.2,-15.20978000000023,-15.481499999999999,0.18,-16.04961600000022,-15.521839999999997,0.18,-15.70952400000022,-14.08166,0.24,-15.837654000000239,-17.40226,0.12,-15.753712000000245
192,-16.441379999999995,0.14,-16.137754000000257,-16.761380000000003,0.12,-15.81356000000023,-18.24126,0.08,-15.253756000000264,-15.961719999999998,0.14,-16.205478000000216,-16.361159999999998,0.16,-16.777586000000223,-17.64172,0.1,-15.677478000000221,-16.09516,0.16,-16.846936000003012,-15.681679999999998,0.16,-15.20978000000023,-16.60108,0.12,-16.04961600000022,-14.96202,0.16,-15.70952400000022,-15.5618,0.18,-15.837654000000239,-16.92124,0.12,-15.753712000000245
193,-17.0416,0.12,-16.137754000000257,-17.201639999999998,0.12,-15.81356000000023,-16.001899999999996,0.16,-15.253756000000264,-15.602279999999999,0.18,-16.205478000000216,-16.321919999999995,0.14,-16.777586000000223,-17.921499999999995,0.08,-15.677478000000221,-17.227999999999998,0.12,-16.846936000003012,-14.962039999999996,0.2,-15.20978000000023,-15.762119999999996,0.18,-16.04961600000022,-15.121580000000002,0.2,-15.70952400000022,-15.681299999999997,0.18,-15.837654000000239,-14.241880000000002,0.24,-15.753712000000245
194,-16.082119999999996,0.14,-16.137754000000257,-17.801699999999997,0.08,-15.81356000000023,-17.041559999999997,0.14,-15.253756000000264,-15.641619999999996,0.16,-16.205478000000216,-15.96194,0.18,-16.777586000000223,-16.8813,0.14,-15.677478000000221,-19.55668,0.04,-16.846936000003012,-14.44144,0.24,-15.20978000000023,-18.282459999999997,0.08,-16.04961600000022,-11.721899999999996,0.32,-15.70952400000022,-16.282559999999997,0.14,-15.837654000000239,-17.361719999999995,0.12,-15.753712000000245
195,-12.801899999999998,0.3,-16.137754000000257,-16.682479999999995,0.14,-15.81356000000023,-14.602360000000003,0.2,-15.253756000000264,-18.961679999999998,0.04,-16.205478000000216,-17.96212,0.1,-16.777586000000223,-17.201819999999998,0.12,-15.677478000000221,-17.620899999999995,0.1,-16.846936000003012,-17.801059999999996,0.1,-15.20978000000023,-17.361219999999992,0.12,-16.04961600000022,-16.16178,0.16,-15.70952400000022,-15.521679999999995,0.18,-15.837654000000239,-14.162219999999998,0.22,-15.753712000000245
196,-80.001,0.0,-16.137754000000257,-44.01499999999999,1.0,-15.81356000000023,-80.003,0.0,-15.253756000000264,-56.007000000000005,1.0,-16.205478000000216,-80.01200000000001,0.0,-16.777586000000223,-80.0,0.0,-15.677478000000221,-58.0,1.0,-16.846936000003012,-80.004,0.0,-15.20978000000023,-80.02,0.0,-16.04961600000022,-80.005,0.0,-15.70952400000022,-58.01599999999999,1.0,-15.837654000000239,-80.012,0.0,-15.753712000000245
197,0.0,0.0,-16.137754000000257,0.0,0.0,-15.81356000000023,0.0,0.0,-15.253756000000264,0.0,0.0,-16.205478000000216,0.0,0.0,-16.777586000000223,0.0,0.0,-15.677478000000221,0.0,0.0,-16.846936000003012,0.0,0.0,-15.20978000000023,0.0,0.0,-16.04961600000022,0.0,0.0,-15.70952400000022,0.0,0.0,-15.837654000000239,0.0,0.0,-15.753712000000245
198,0.0,0.0,-16.137754000000257,0.0,0.0,-15.81356000000023,0.0,0.0,-15.253756000000264,0.0,0.0,-16.205478000000216,0.0,0.0,-16.777586000000223,0.0,0.0,-15.677478000000221,0.0,0.0,-16.846936000003012,0.0,0.0,-15.20978000000023,0.0,0.0,-16.04961600000022,0.0,0.0,-15.70952400000022,0.0,0.0,-15.837654000000239,0.0,0.0,-15.753712000000245
199,0.0,0.0,-16.137754000000257,0.0,0.0,-15.81356000000023,0.0,0.0,-15.253756000000264,0.0,0.0,-16.205478000000216,0.0,0.0,-16.777586000000223,0.0,0.0,-15.677478000000221,0.0,0.0,-16.846936000003012,0.0,0.0,-15.20978000000023,0.0,0.0,-16.04961600000022,0.0,0.0,-15.70952400000022,0.0,0.0,-15.837654000000239,0.0,0.0,-15.753712000000245
